Distraught,
Triumphalist,
Suffragist,
Abolitionist,
Noncommittal,
Hail,
Anoint,
Caucus,
Tumbleweed,
Saloon,
Behemoth,
Temperament,
Channel,
Eavage,
Osteoporosis,
Homestead,
Bombast,
Prone,
Lurid,
Estranged,
Cramped,
Escrow,
Seismic,
Imminent,
Demise,
Gushing,
Contrarian,
Lone,
Interject,
Deadpan,
Overture,
Boorish,
Dismissive,
Field,
Interminable,
Omen,
Sheepish,
Sheepishly,
En masse,
Rueful,
Cauterize,
Hangdog,
Par,
Plainspoken,
Obstute,
Duck,
Wisecrack,
Distill,
Fret,
Epitomize,
Prohibitive,
Supplicant,
Righteous,
Expiate,
Trodden,
Couch,
Uncharted,
Imperative,
Corral,
Steeped,
Soak up,
Congregation,
Staid,
Tenure,
Rollicking,
Kente,
Gospel,
Burnish,
Bereft,
Explication,
Scathing,
Erudite,
Cred,
Invocation,
Benediction,
Incendiary,
Churn up,
Foreshadow,
Providence,
Proverbial,
Vouch,
Crucible,
Chortle,
hoist,
hoisting,
Sport,
Implacable,
Grassroots,
Wilt,
Paltry,
Pundit,
Eke out,
Paucity,
Gauntlet,
Drape,
Confederate flag,
Club,
Brass knuckles,
Succumb,
Conviction,
Veteran,
Brawl,
Stake,
Slugfest,
Feisty,
Gridlock,
Emanate,
Emanating,
Relish,
Obstruction,
Deftly,
Qualm,
Much-touted,
Tout,
Blunt,
Grimly,