<span style='color:cornsilk; background-color:darkcyan; border-radius:5px;'>&nbsp;1&nbsp;</span> <b style='color:darkslategray;'>distraught</b><br>adjective<br>/dɪˈstrɔːt/|extremely upset and anxious so that you cannot think clearly<br><b style='color:darkcyan;'>Examples:</b><br>- She’s still too distraught to speak about the tragedy.<br>- The child’s distraught parents pleaded for witnesses to contact the police.
<span style='color:cornsilk; background-color:darkcyan; border-radius:5px;'>&nbsp;1&nbsp;</span> <b style='color:darkslategray;'>triumphalist</b><br>adjective<br>/traɪˈʌmfəlɪst/|celebrating a victory or success in a way that is too proud and is intended to upset the people you have defeated<br><b style='color:darkcyan;'>Examples:</b><br>- He warned that a triumphalist parade would be insensitive to the local people. 
<span style='color:cornsilk; background-color:darkcyan; border-radius:5px;'>&nbsp;1&nbsp;</span> <b style='color:darkslategray;'>suffragist</b><br>noun<br>/ˈsʌfrədʒɪst/|a person who campaigns for a group of people who do not have the right to vote in elections, in order to get this right for them<br><b style='color:darkcyan;'>Examples:</b><br>- She was a committed socialist, suffragist and feminist.
<span style='color:cornsilk; background-color:darkcyan; border-radius:5px;'>&nbsp;1&nbsp;</span> <b style='color:darkslategray;'>abolitionist</b><br>noun<br>/ˌæbəˈlɪʃənɪst/|a person who is in favour of the abolition of something, especially capital punishment (= punishment by death) or (in the past) slavery<br><b style='color:darkcyan;'>Examples:</b><br>- NO_EXAMPLES
<span style='color:cornsilk; background-color:darkcyan; border-radius:5px;'>&nbsp;1&nbsp;</span> <b style='color:darkslategray;'>hail</b><br>verb<br>/heɪl/|to describe somebody/something as being very good or special, especially in newspapers, etc.<br><b style='color:darkcyan;'>Examples:</b><br>- <b>(be hailed (as) something) </b>The conference was hailed as a great success.<br>- The expedition was widely hailed as a success.<br>- Teenager Matt Brown is being hailed a hero for saving a young child from drowning.<br>- <b>(hail somebody/something as something) </b>Union leaders hailed the socialists’ victory as a huge step forward.
<span style='color:cornsilk; background-color:darkcyan; border-radius:5px;'>&nbsp;2&nbsp;</span> <b style='color:darkslategray;'>hail</b><br>verb<br>/heɪl/|<b>(hail something) </b>to signal to a taxi or a bus, in order to get the driver to stop<br><b style='color:darkcyan;'>Examples:</b><br>- to hail a taxi/cab
<span style='color:cornsilk; background-color:darkcyan; border-radius:5px;'>&nbsp;3&nbsp;</span> <b style='color:darkslategray;'>hail</b><br>verb<br>/heɪl/|<b>(hail somebody) </b>to call to somebody in order to say hello to them or attract their attention<br><b style='color:darkcyan;'>Examples:</b><br>- A voice hailed us from the other side of the street.<br>- We soon came within hailing distance of (= fairly close to) the others.
<span style='color:cornsilk; background-color:darkcyan; border-radius:5px;'>&nbsp;4&nbsp;</span> <b style='color:darkslategray;'>hail</b><br>verb<br>/heɪl/|when it hails, small balls of ice fall like rain from the sky<br><b style='color:darkcyan;'>Examples:</b><br>- It's hailing!
<span style='color:cornsilk; background-color:darkcyan; border-radius:5px;'>&nbsp;1&nbsp;</span> <b style='color:darkslategray;'>hail</b><br>noun<br>/heɪl/|small balls of ice that fall like rain<br><b style='color:darkcyan;'>Examples:</b><br>- We drove through hail and snow.
<span style='color:cornsilk; background-color:darkcyan; border-radius:5px;'>&nbsp;2&nbsp;</span> <b style='color:darkslategray;'>hail</b><br>noun<br>/heɪl/|<b>(a hail of something) </b>a large number or amount of something that is aimed at somebody in order to harm them<br><b style='color:darkcyan;'>Examples:</b><br>- a hail of arrows/bullets<br>- a hail of abuse
<span style='color:cornsilk; background-color:darkcyan; border-radius:5px;'>&nbsp;1&nbsp;</span> <b style='color:darkslategray;'>anoint</b><br>verb<br>/əˈnɔɪnt/|<b>(anoint somebody/something (with something)) </b>to put oil or water on somebody’s head or body as part of a religious ceremony<br><b style='color:darkcyan;'>Examples:</b><br>- The priest anointed her with oil.
<span style='color:cornsilk; background-color:darkcyan; border-radius:5px;'>&nbsp;1&nbsp;</span> <b style='color:darkslategray;'>caucus</b><br>noun<br>/ˈkɔːkəs/|a meeting of the members or leaders of a political party to choose candidates or to decide policy; the members or leaders of a political party as a group<br><b style='color:darkcyan;'>Examples:</b><br>- 20 states will hold precinct caucuses on Tuesday to choose delegates to the parties’ national conventions.
<span style='color:cornsilk; background-color:darkcyan; border-radius:5px;'>&nbsp;2&nbsp;</span> <b style='color:darkslategray;'>caucus</b><br>noun<br>/ˈkɔːkəs/|a group of people with similar interests, often within a larger organization or political party<br><b style='color:darkcyan;'>Examples:</b><br>- the Congressional Black Caucus
<span style='color:cornsilk; background-color:darkcyan; border-radius:5px;'>&nbsp;1&nbsp;</span> <b style='color:darkslategray;'>caucus</b><br>verb<br>/ˈkɔːkəs/|to meet in a caucus or other group to discuss something<br><b style='color:darkcyan;'>Examples:</b><br>- The senators decided to caucus about the policy change.
<span style='color:cornsilk; background-color:darkcyan; border-radius:5px;'>&nbsp;1&nbsp;</span> <b style='color:darkslategray;'>tumbleweed</b><br>noun<br>/ˈtʌmblwiːd/|a plant that grows like a bush in the desert areas of North America and Australia. In the autumn, it breaks off just above the ground and is blown around like a ball by the wind.<br><b style='color:darkcyan;'>Examples:</b><br>- NO_EXAMPLES
<span style='color:cornsilk; background-color:darkcyan; border-radius:5px;'>&nbsp;1&nbsp;</span> <b style='color:darkslategray;'>saloon</b><br>noun<br>/səˈluːn/|a car with a boot (= space at the back for carrying things) that is separated from the part where the driver and passengers sit<br><b style='color:darkcyan;'>Examples:</b><br>- a five-seater family saloon<br>- a four-door saloon
<span style='color:cornsilk; background-color:darkcyan; border-radius:5px;'>&nbsp;2&nbsp;</span> <b style='color:darkslategray;'>saloon</b><br>noun<br>/səˈluːn/|a bar in a pub, hotel, etc. that is more comfortable than the other bars and where the drinks are usually more expensive<br><b style='color:darkcyan;'>Examples:</b><br>- NO_EXAMPLES
<span style='color:cornsilk; background-color:darkcyan; border-radius:5px;'>&nbsp;3&nbsp;</span> <b style='color:darkslategray;'>saloon</b><br>noun<br>/səˈluːn/|a bar where alcoholic drinks were sold in the western US and Canada in the past<br><b style='color:darkcyan;'>Examples:</b><br>- The cowboy died in a fight in a saloon.<br>- There were sawdust-on-the-floor Western saloons with gunfights and poker games.
<span style='color:cornsilk; background-color:darkcyan; border-radius:5px;'>&nbsp;4&nbsp;</span> <b style='color:darkslategray;'>saloon</b><br>noun<br>/səˈluːn/|a large comfortable room on a ship, used by the passengers to sit and relax in<br><b style='color:darkcyan;'>Examples:</b><br>- The saloon on deck B has room for 140 passengers.
<span style='color:cornsilk; background-color:darkcyan; border-radius:5px;'>&nbsp;1&nbsp;</span> <b style='color:darkslategray;'>behemoth</b><br>noun<br>/bɪˈhiːməθ/|something that is very big and powerful, especially a company or organization<br><b style='color:darkcyan;'>Examples:</b><br>- a multinational corporate behemoth<br>- She works in a seventy-storey behemoth in Manhattan.
<span style='color:cornsilk; background-color:darkcyan; border-radius:5px;'>&nbsp;1&nbsp;</span> <b style='color:darkslategray;'>temperament</b><br>noun<br>/ˈtemprəmənt/|a person’s or an animal’s nature as shown in the way they behave or react to situations or people<br><b style='color:darkcyan;'>Examples:</b><br>- to have an artistic temperament<br>- a horse with an excellent temperament<br>- She's a dreamer and a romantic by temperament.<br>- To become a champion, you have to have the right temperament.
<span style='color:cornsilk; background-color:darkcyan; border-radius:5px;'>&nbsp;2&nbsp;</span> <b style='color:darkslategray;'>temperament</b><br>noun<br>/ˈtemprəmənt/|the fact of tending to get emotional and excited very easily and behave in an unreasonable way<br><b style='color:darkcyan;'>Examples:</b><br>- an actor given to displays of temperament
<span style='color:cornsilk; background-color:darkcyan; border-radius:5px;'>&nbsp;1&nbsp;</span> <b style='color:darkslategray;'>channel</b><br>noun<br>/ˈtʃænl/|a television station<br><b style='color:darkcyan;'>Examples:</b><br>- a television/TV channel<br>- cable/digital/satellite channels<br>- a news channel<br>- a music/sports/movie channel<br>- to change/switch channels <br>- <b>(on a channel) </b>What's on Channel 4 tonight?
<span style='color:cornsilk; background-color:darkcyan; border-radius:5px;'>&nbsp;2&nbsp;</span> <b style='color:darkslategray;'>channel</b><br>noun<br>/ˈtʃænl/|a band of radio waves used for making television or radio broadcasts<br><b style='color:darkcyan;'>Examples:</b><br>- radio channels<br>- terrestrial/satellite channels
<span style='color:cornsilk; background-color:darkcyan; border-radius:5px;'>&nbsp;3&nbsp;</span> <b style='color:darkslategray;'>channel</b><br>noun<br>/ˈtʃænl/|a method or system that people use to get information, to communicate, or to send something somewhere<br><b style='color:darkcyan;'>Examples:</b><br>- Complaints must be made through the proper channels.<br>- The newsletter is a useful channel of communication between teacher and students.<br>- The company has worldwide distribution channels.<br>- Steps are being taken to implement a ceasefire through diplomatic channels.
<span style='color:cornsilk; background-color:darkcyan; border-radius:5px;'>&nbsp;4&nbsp;</span> <b style='color:darkslategray;'>channel</b><br>noun<br>/ˈtʃænl/|a means by which data is communicated and exchanged between elements of a computer system or other system<br><b style='color:darkcyan;'>Examples:</b><br>- an audio channel
<span style='color:cornsilk; background-color:darkcyan; border-radius:5px;'>&nbsp;5&nbsp;</span> <b style='color:darkslategray;'>channel</b><br>noun<br>/ˈtʃænl/|a way of expressing ideas and feelings<br><b style='color:darkcyan;'>Examples:</b><br>- The campaign provided a channel for protest against the war.<br>- Music is a great channel for releasing your emotions.
<span style='color:cornsilk; background-color:darkcyan; border-radius:5px;'>&nbsp;6&nbsp;</span> <b style='color:darkslategray;'>channel</b><br>noun<br>/ˈtʃænl/|a passage that water can flow along, especially in the ground, on the bottom of a river, etc.<br><b style='color:darkcyan;'>Examples:</b><br>- drainage channels in the rice fields
<span style='color:cornsilk; background-color:darkcyan; border-radius:5px;'>&nbsp;7&nbsp;</span> <b style='color:darkslategray;'>channel</b><br>noun<br>/ˈtʃænl/|a deep passage of water in a river or near the coast that can be used as route for ships<br><b style='color:darkcyan;'>Examples:</b><br>- NO_EXAMPLES
<span style='color:cornsilk; background-color:darkcyan; border-radius:5px;'>&nbsp;8&nbsp;</span> <b style='color:darkslategray;'>channel</b><br>noun<br>/ˈtʃænl/|a passage of water that connects two areas of water, especially two seas<br><b style='color:darkcyan;'>Examples:</b><br>- the Bristol Channel
<span style='color:cornsilk; background-color:darkcyan; border-radius:5px;'>&nbsp;9&nbsp;</span> <b style='color:darkslategray;'>channel</b><br>noun<br>/ˈtʃænl/|the area of sea between England and France, also known as the English Channel<br><b style='color:darkcyan;'>Examples:</b><br>- the Channel Tunnel<br>- cross-Channel ferries<br>- <b>(across the Channel) </b>news from across the Channel (= from France)
<span style='color:cornsilk; background-color:darkcyan; border-radius:5px;'>&nbsp;1&nbsp;</span> <b style='color:darkslategray;'>channel</b><br>verb<br>/ˈtʃænl/|<b>(channel something (into something)) </b>to direct money, feelings, ideas, etc. towards a particular thing or purpose<br><b style='color:darkcyan;'>Examples:</b><br>- He channels his aggression into sport.
<span style='color:cornsilk; background-color:darkcyan; border-radius:5px;'>&nbsp;2&nbsp;</span> <b style='color:darkslategray;'>channel</b><br>verb<br>/ˈtʃænl/|<b>(channel something (through something)) </b>to send money, help, etc. using a particular route<br><b style='color:darkcyan;'>Examples:</b><br>- Money for the project will be channelled through local government.
<span style='color:cornsilk; background-color:darkcyan; border-radius:5px;'>&nbsp;3&nbsp;</span> <b style='color:darkslategray;'>channel</b><br>verb<br>/ˈtʃænl/|<b>(channel something) </b>to carry or send water, light, etc. through a passage<br><b style='color:darkcyan;'>Examples:</b><br>- A sensor channels the light signal along an optical fibre.
<span style='color:cornsilk; background-color:darkcyan; border-radius:5px;'>&nbsp;4&nbsp;</span> <b style='color:darkslategray;'>channel</b><br>verb<br>/ˈtʃænl/|<b>(channel somebody) </b>to act as a medium (= a person who claims to be able to communicate with the spirits of dead people) for somebody<br><b style='color:darkcyan;'>Examples:</b><br>- He believed that he could channel an ancestor from two hundred years ago.
<span style='color:cornsilk; background-color:darkcyan; border-radius:5px;'>&nbsp;5&nbsp;</span> <b style='color:darkslategray;'>channel</b><br>verb<br>/ˈtʃænl/|<b>(channel somebody) </b>to behave in the manner of somebody else, as though that person has given you the idea or desire to act in that way<br><b style='color:darkcyan;'>Examples:</b><br>- When he sang, he would channel Nat King Cole.
<span style='color:cornsilk; background-color:darkcyan; border-radius:5px;'>&nbsp;1&nbsp;</span> <b style='color:darkslategray;'>osteoporosis</b><br>noun<br>/ˌɑːstiəʊpəˈrəʊsɪs/|a condition in which the bones become weak and are easily broken, usually when people get older or because they do not eat enough of certain substances<br><b style='color:darkcyan;'>Examples:</b><br>- NO_EXAMPLES
<span style='color:cornsilk; background-color:darkcyan; border-radius:5px;'>&nbsp;1&nbsp;</span> <b style='color:darkslategray;'>homestead</b><br>noun<br>/ˈhəʊmsted/|a house with the land and buildings around it, especially a farm<br><b style='color:darkcyan;'>Examples:</b><br>- What began as a small family homestead is now a 5 000-acre ranch.
<span style='color:cornsilk; background-color:darkcyan; border-radius:5px;'>&nbsp;2&nbsp;</span> <b style='color:darkslategray;'>homestead</b><br>noun<br>/ˈhəʊmsted/|(in the US in the past) a piece of land given to somebody by the government on condition that they lived on it and grew crops on it<br><b style='color:darkcyan;'>Examples:</b><br>- NO_EXAMPLES
<span style='color:cornsilk; background-color:darkcyan; border-radius:5px;'>&nbsp;1&nbsp;</span> <b style='color:darkslategray;'>homestead</b><br>verb<br>/ˈhəʊmsted/|to live and work on a homestead<br><b style='color:darkcyan;'>Examples:</b><br>- NO_EXAMPLES
<span style='color:cornsilk; background-color:darkcyan; border-radius:5px;'>&nbsp;1&nbsp;</span> <b style='color:darkslategray;'>bombast</b><br>noun<br>/ˈbɑːmbæst/|words which sound important but have little meaning, used to impress people<br><b style='color:darkcyan;'>Examples:</b><br>- His speech was full of bombast.
<span style='color:cornsilk; background-color:darkcyan; border-radius:5px;'>&nbsp;1&nbsp;</span> <b style='color:darkslategray;'>prone</b><br>adjective<br>/prəʊn/|likely to suffer from something or to do something bad<br><b style='color:darkcyan;'>Examples:</b><br>- <b>(prone to something) </b>prone to injury<br>- Working without a break makes you more prone to error.<br>- <b>(prone to do something) </b>Tired drivers were found to be particularly prone to ignore warning signs.<br>- <b>(prone to doing something) </b>people who are genetically prone to putting on weight
<span style='color:cornsilk; background-color:darkcyan; border-radius:5px;'>&nbsp;2&nbsp;</span> <b style='color:darkslategray;'>prone</b><br>adjective<br>/prəʊn/|likely to suffer or do the thing mentioned<br><b style='color:darkcyan;'>Examples:</b><br>- error-prone<br>- injury-prone
<span style='color:cornsilk; background-color:darkcyan; border-radius:5px;'>&nbsp;3&nbsp;</span> <b style='color:darkslategray;'>prone</b><br>adjective<br>/prəʊn/|lying flat with the front of your body touching the ground<br><b style='color:darkcyan;'>Examples:</b><br>- The victim lay prone without moving.<br>- He was found lying in a prone position.
<span style='color:cornsilk; background-color:darkcyan; border-radius:5px;'>&nbsp;1&nbsp;</span> <b style='color:darkslategray;'>lurid</b><br>adjective<br>/ˈlʊrɪd/|too bright in colour, in a way that is not attractive<br><b style='color:darkcyan;'>Examples:</b><br>- She was wearing a lurid orange and green blouse.
<span style='color:cornsilk; background-color:darkcyan; border-radius:5px;'>&nbsp;2&nbsp;</span> <b style='color:darkslategray;'>lurid</b><br>adjective<br>/ˈlʊrɪd/|presented in a way that is intended to shock <br><b style='color:darkcyan;'>Examples:</b><br>- lurid headlines<br>- The paper gave all the lurid details of the murder.
<span style='color:cornsilk; background-color:darkcyan; border-radius:5px;'>&nbsp;1&nbsp;</span> <b style='color:darkslategray;'>estranged</b><br>adjective<br>/ɪˈstreɪndʒd/|no longer living with your husband, wife or partner<br><b style='color:darkcyan;'>Examples:</b><br>- his estranged wife Emma<br>- She is attempting to contact her estranged husband to break the news.<br>- He is being questioned in connection with the death of his estranged wife.<br>- She has been estranged from her husband since 1999.
<span style='color:cornsilk; background-color:darkcyan; border-radius:5px;'>&nbsp;2&nbsp;</span> <b style='color:darkslategray;'>estranged</b><br>adjective<br>/ɪˈstreɪndʒd/|<b>(estranged (from somebody)) </b>no longer friendly or in contact with somebody<br><b style='color:darkcyan;'>Examples:</b><br>- He became estranged from his family after the argument.<br>- Formerly close friends, they had been estranged from each other for many years.
<span style='color:cornsilk; background-color:darkcyan; border-radius:5px;'>&nbsp;3&nbsp;</span> <b style='color:darkslategray;'>estranged</b><br>adjective<br>/ɪˈstreɪndʒd/|<b>(estranged (from something)) </b>no longer involved in or connected with something, especially something that used to be important to you<br><b style='color:darkcyan;'>Examples:</b><br>- She felt estranged from her former existence.
<span style='color:cornsilk; background-color:darkcyan; border-radius:5px;'>&nbsp;1&nbsp;</span> <b style='color:darkslategray;'>cramped</b><br>adjective<br>/kræmpt/|a cramped room, etc. does not have enough space for the people in it<br><b style='color:darkcyan;'>Examples:</b><br>- working in cramped conditions<br>- He lived for six months in a cold, cramped attic room.
<span style='color:cornsilk; background-color:darkcyan; border-radius:5px;'>&nbsp;2&nbsp;</span> <b style='color:darkslategray;'>cramped</b><br>adjective<br>/kræmpt/|not having room to move freely<br><b style='color:darkcyan;'>Examples:</b><br>- NO_EXAMPLES
<span style='color:cornsilk; background-color:darkcyan; border-radius:5px;'>&nbsp;3&nbsp;</span> <b style='color:darkslategray;'>cramped</b><br>adjective<br>/kræmpt/|with small letters close together and therefore difficult to read<br><b style='color:darkcyan;'>Examples:</b><br>- NO_EXAMPLES
<span style='color:cornsilk; background-color:darkcyan; border-radius:5px;'>&nbsp;1&nbsp;</span> <b style='color:darkslategray;'>seismic</b><br>adjective<br>/ˈsaɪzmɪk/|connected with or caused by earthquakes<br><b style='color:darkcyan;'>Examples:</b><br>- seismic waves
<span style='color:cornsilk; background-color:darkcyan; border-radius:5px;'>&nbsp;2&nbsp;</span> <b style='color:darkslategray;'>seismic</b><br>adjective<br>/ˈsaɪzmɪk/|having a very great effect; of very great size<br><b style='color:darkcyan;'>Examples:</b><br>- a seismic shift in the political process
<span style='color:cornsilk; background-color:darkcyan; border-radius:5px;'>&nbsp;1&nbsp;</span> <b style='color:darkslategray;'>imminent</b><br>adjective<br>/ˈɪmɪnənt/|likely to happen very soon<br><b style='color:darkcyan;'>Examples:</b><br>- the imminent threat of invasion<br>- The system is in imminent danger of collapse.<br>- An announcement about his resignation is imminent.<br>- An attack seems imminent.
<span style='color:cornsilk; background-color:darkcyan; border-radius:5px;'>&nbsp;1&nbsp;</span> <b style='color:darkslategray;'>demise</b><br>noun<br>/dɪˈmaɪz/|the end or failure of an institution, an idea, a company, etc.<br><b style='color:darkcyan;'>Examples:</b><br>- He praised the union's aims but predicted its early demise.<br>- the demise of the USSR
<span style='color:cornsilk; background-color:darkcyan; border-radius:5px;'>&nbsp;2&nbsp;</span> <b style='color:darkslategray;'>demise</b><br>noun<br>/dɪˈmaɪz/|death<br><b style='color:darkcyan;'>Examples:</b><br>- his imminent/sudden/sad demise
<span style='color:cornsilk; background-color:darkcyan; border-radius:5px;'>&nbsp;1&nbsp;</span> <b style='color:darkslategray;'>gushing</b><br>adjective<br>/ˈɡʌʃɪŋ/|expressing so much enthusiasm, praise or emotion that it does not seem sincere<br><b style='color:darkcyan;'>Examples:</b><br>- She gave an embarrassingly gushing acceptance speech.
<span style='color:cornsilk; background-color:darkcyan; border-radius:5px;'>&nbsp;1&nbsp;</span> <b style='color:darkslategray;'>contrarian</b><br>noun<br>/kənˈtreriən/|a person who opposes or rejects popular opinion, especially in financial markets<br><b style='color:darkcyan;'>Examples:</b><br>- Contrarians warned that the stock markets' giant gains were not justified. 
<span style='color:cornsilk; background-color:darkcyan; border-radius:5px;'>&nbsp;1&nbsp;</span> <b style='color:darkslategray;'>lone</b><br>adjective<br>/ləʊn/|without any other people or things<br><b style='color:darkcyan;'>Examples:</b><br>- a lone sailor crossing the Atlantic<br>- The attack was carried out by a lone gunman in a crowded shopping centre.
<span style='color:cornsilk; background-color:darkcyan; border-radius:5px;'>&nbsp;2&nbsp;</span> <b style='color:darkslategray;'>lone</b><br>adjective<br>/ləʊn/|without a husband, wife or partner to share the care of children<br><b style='color:darkcyan;'>Examples:</b><br>- a lone mother/parent/father<br>- Most lone parent families are headed by women.<br>- Nine out of ten lone parents are women.
<span style='color:cornsilk; background-color:darkcyan; border-radius:5px;'>&nbsp;3&nbsp;</span> <b style='color:darkslategray;'>lone</b><br>adjective<br>/ləʊn/|a person who prefers to be alone<br><b style='color:darkcyan;'>Examples:</b><br>- NO_EXAMPLES
<span style='color:cornsilk; background-color:darkcyan; border-radius:5px;'>&nbsp;1&nbsp;</span> <b style='color:darkslategray;'>interject</b><br>verb<br>/ˌɪntərˈdʒekt/|<b>(+ speech) </b>to interrupt what somebody is saying with your opinion or a remark<br><b style='color:darkcyan;'>Examples:</b><br>- ‘You're wrong,’ interjected Susan.
<span style='color:cornsilk; background-color:darkcyan; border-radius:5px;'>&nbsp;1&nbsp;</span> <b style='color:darkslategray;'>deadpan</b><br>adjective<br>/ˈdedpæn/|without any expression or emotion; often pretending to be serious when you are joking<br><b style='color:darkcyan;'>Examples:</b><br>- deadpan humour<br>- She looked up, completely deadpan.
<span style='color:cornsilk; background-color:darkcyan; border-radius:5px;'>&nbsp;1&nbsp;</span> <b style='color:darkslategray;'>overture</b><br>noun<br>/ˈəʊvərtʃər/|a piece of music written as an introduction to an opera or a ballet<br><b style='color:darkcyan;'>Examples:</b><br>- Prokofiev’s overture to ‘Romeo and Juliet’
<span style='color:cornsilk; background-color:darkcyan; border-radius:5px;'>&nbsp;2&nbsp;</span> <b style='color:darkslategray;'>overture</b><br>noun<br>/ˈəʊvərtʃər/|<b>(overture (to somebody)) </b>a suggestion or an action by which somebody tries to make friends, start a business relationship, have discussions, etc. with somebody else<br><b style='color:darkcyan;'>Examples:</b><br>- He began making overtures to a number of merchant banks.<br>- Maggie was never one to reject a friendly overture.
<span style='color:cornsilk; background-color:darkcyan; border-radius:5px;'>&nbsp;1&nbsp;</span> <b style='color:darkslategray;'>boorish</b><br>adjective<br>/ˈbʊrɪʃ/|very unpleasant and rude<br><b style='color:darkcyan;'>Examples:</b><br>- NO_EXAMPLES
<span style='color:cornsilk; background-color:darkcyan; border-radius:5px;'>&nbsp;1&nbsp;</span> <b style='color:darkslategray;'>dismissive</b><br>adjective<br>/dɪsˈmɪsɪv/|<b>(dismissive (of somebody/something)) </b>showing that you do not believe a person or thing to be important or worth considering<br><b style='color:darkcyan;'>Examples:</b><br>- a dismissive gesture/tone<br>- She was always dismissive of other women in the office.<br>- Other critics were equally dismissive.<br>- She was very dismissive of his achievements.
<span style='color:cornsilk; background-color:darkcyan; border-radius:5px;'>&nbsp;1&nbsp;</span> <b style='color:darkslategray;'>field</b><br>noun<br>/fiːld/|an area of land in the country used for growing crops or keeping animals in, usually surrounded by a fence, etc.<br><b style='color:darkcyan;'>Examples:</b><br>- We had to walk across a ploughed field.<br>- <b>(in a field) </b>We camped in a field near the village.<br>- People were working in the fields.<br>- <b>(field of something) </b>We saw golden fields of wheat.<br>- He planted a field of beans.<br>- a rice/wheat field<br>- The house overlooks the sugar cane fields.
<span style='color:cornsilk; background-color:darkcyan; border-radius:5px;'>&nbsp;2&nbsp;</span> <b style='color:darkslategray;'>field</b><br>noun<br>/fiːld/|an area of land used for the purpose mentioned<br><b style='color:darkcyan;'>Examples:</b><br>- a landing field
<span style='color:cornsilk; background-color:darkcyan; border-radius:5px;'>&nbsp;3&nbsp;</span> <b style='color:darkslategray;'>field</b><br>noun<br>/fiːld/|a large area of land covered with the thing mentioned; an area from which the thing mentioned is obtained<br><b style='color:darkcyan;'>Examples:</b><br>- The territory is covered with snow, bare rock and ice fields.<br>- Prisoners were sent to work in the gas fields in the north.<br>- the discovery of the oil and gas fields in the North Sea
<span style='color:cornsilk; background-color:darkcyan; border-radius:5px;'>&nbsp;4&nbsp;</span> <b style='color:darkslategray;'>field</b><br>noun<br>/fiːld/|an area of land used for playing a sport on<br><b style='color:darkcyan;'>Examples:</b><br>- a football/soccer/sports field<br>- a baseball/cricket/rugby field<br>- <b>(on/off the field) </b>Every player on the field did their best today.<br>- Players need discipline both on and off the field (= when they are playing and also in their free time).<br>- There was huge excitement as the teams came onto the field.<br>- Today they take the field (= go on to the field to play a game) against county champions Essex.
<span style='color:cornsilk; background-color:darkcyan; border-radius:5px;'>&nbsp;5&nbsp;</span> <b style='color:darkslategray;'>field</b><br>noun<br>/fiːld/|the team that is trying to catch the ball rather than hit it<br><b style='color:darkcyan;'>Examples:</b><br>- He took the ball early and hit it through a gap in the field.
<span style='color:cornsilk; background-color:darkcyan; border-radius:5px;'>&nbsp;6&nbsp;</span> <b style='color:darkslategray;'>field</b><br>noun<br>/fiːld/|all the people or animals competing in a particular sports event<br><b style='color:darkcyan;'>Examples:</b><br>- The strong field includes three world record holders.
<span style='color:cornsilk; background-color:darkcyan; border-radius:5px;'>&nbsp;7&nbsp;</span> <b style='color:darkslategray;'>field</b><br>noun<br>/fiːld/|an area of land where a battle is fought<br><b style='color:darkcyan;'>Examples:</b><br>- <b>(in the field) </b>a medal for bravery in the field<br>- <b>(on the field) </b>to die on the field of battle<br>- a field ambulance/kitchen
<span style='color:cornsilk; background-color:darkcyan; border-radius:5px;'>&nbsp;8&nbsp;</span> <b style='color:darkslategray;'>field</b><br>noun<br>/fiːld/|a particular subject or activity that somebody works in or is interested in<br><b style='color:darkcyan;'>Examples:</b><br>- Child development is such an interesting field.<br>- Genetic science has developed dramatically since I entered the field 40 years ago.<br>- <b>(in a field) </b>All of them are experts in their chosen field.<br>- He was awarded a Nobel Prize for his work in this field.<br>- <b>(in the field of something) </b>She works in the field of adult education.<br>- I enjoy meeting people in other fields of business.<br>- <b>(field of something) </b>This discovery has opened up a whole new field of study.<br>- ‘How big was the bomb, if it did all that damage?’ ‘I don’t know. Not my field’ (= that is not one of the subjects I know about).
<span style='color:cornsilk; background-color:darkcyan; border-radius:5px;'>&nbsp;9&nbsp;</span> <b style='color:darkslategray;'>field</b><br>noun<br>/fiːld/|the fact of people doing practical work or study, rather than working in a library or laboratory<br><b style='color:darkcyan;'>Examples:</b><br>- a field study/experiment<br>- field recordings/observations<br>- Her findings were based on extensive field and laboratory work.<br>- We then tested the questionnaire in field conditions.<br>- <b>(in the field) </b>tests carried out in the field
<span style='color:cornsilk; background-color:darkcyan; border-radius:5px;'>&nbsp;10&nbsp;</span> <b style='color:darkslategray;'>field</b><br>noun<br>/fiːld/|all the people or products competing in a particular area of business<br><b style='color:darkcyan;'>Examples:</b><br>- They lead the field in home entertainment systems.
<span style='color:cornsilk; background-color:darkcyan; border-radius:5px;'>&nbsp;11&nbsp;</span> <b style='color:darkslategray;'>field</b><br>noun<br>/fiːld/|an area within which the force mentioned has an effect<br><b style='color:darkcyan;'>Examples:</b><br>- the earth’s gravitational field<br>- an electromagnetic field<br>- Weak electric fields are emitted by all living organisms.
<span style='color:cornsilk; background-color:darkcyan; border-radius:5px;'>&nbsp;12&nbsp;</span> <b style='color:darkslategray;'>field</b><br>noun<br>/fiːld/|part of a record that is a separate item of data<br><b style='color:darkcyan;'>Examples:</b><br>- You will need to create separate fields for first name, surname and address.<br>- the use of keys to move between fields
<span style='color:cornsilk; background-color:darkcyan; border-radius:5px;'>&nbsp;13&nbsp;</span> <b style='color:darkslategray;'>field</b><br>noun<br>/fiːld/|to enable somebody to be successful in a particular area of activity because other people or groups have given up competing with them<br><b style='color:darkcyan;'>Examples:</b><br>- The complete disarray of the opposition parties leaves the field clear for the government to implement urgent reforms.
<span style='color:cornsilk; background-color:darkcyan; border-radius:5px;'>&nbsp;14&nbsp;</span> <b style='color:darkslategray;'>field</b><br>noun<br>/fiːld/|to have sexual relationships with a lot of different people<br><b style='color:darkcyan;'>Examples:</b><br>- NO_EXAMPLES
<span style='color:cornsilk; background-color:darkcyan; border-radius:5px;'>&nbsp;1&nbsp;</span> <b style='color:darkslategray;'>field</b><br>verb<br>/fiːld/|<b>(field somebody/something) </b>to provide a candidate, speaker, team, etc. to represent you in an election, a competition, etc.<br><b style='color:darkcyan;'>Examples:</b><br>- Each of the main parties fielded more than 300 candidates.<br>- England fielded a young side in the World Cup.
<span style='color:cornsilk; background-color:darkcyan; border-radius:5px;'>&nbsp;2&nbsp;</span> <b style='color:darkslategray;'>field</b><br>verb<br>/fiːld/|to be the person or the team that catches the ball and throws it back after somebody has hit it<br><b style='color:darkcyan;'>Examples:</b><br>- He won the toss and chose to field first.
<span style='color:cornsilk; background-color:darkcyan; border-radius:5px;'>&nbsp;3&nbsp;</span> <b style='color:darkslategray;'>field</b><br>verb<br>/fiːld/|<b>(field something) </b>to catch the ball and throw it back<br><b style='color:darkcyan;'>Examples:</b><br>- He fielded the ball expertly.
<span style='color:cornsilk; background-color:darkcyan; border-radius:5px;'>&nbsp;4&nbsp;</span> <b style='color:darkslategray;'>field</b><br>verb<br>/fiːld/|<b>(field something) </b>to receive and deal with questions or comments<br><b style='color:darkcyan;'>Examples:</b><br>- The BBC had to field more than 300 phone calls after last night's programme.
<span style='color:cornsilk; background-color:darkcyan; border-radius:5px;'>&nbsp;1&nbsp;</span> <b style='color:darkslategray;'>interminable</b><br>adjective<br>/ɪnˈtɜːrmɪnəbl/|lasting a very long time and therefore boring or annoying <br><b style='color:darkcyan;'>Examples:</b><br>- an interminable speech/wait/discussion<br>- The drive seemed interminable.
<span style='color:cornsilk; background-color:darkcyan; border-radius:5px;'>&nbsp;1&nbsp;</span> <b style='color:darkslategray;'>omen</b><br>noun<br>/ˈəʊmən/|a sign of what is going to happen in the future<br><b style='color:darkcyan;'>Examples:</b><br>- a good/bad omen<br>- an omen of death/disaster<br>- <b>(omen for something) </b>The omens for their future success are not good.
<span style='color:cornsilk; background-color:darkcyan; border-radius:5px;'>&nbsp;1&nbsp;</span> <b style='color:darkslategray;'>sheepish</b><br>adjective<br>/ˈʃiːpɪʃ/|looking or feeling embarrassed because you have done something silly or wrong<br><b style='color:darkcyan;'>Examples:</b><br>- Mary gave her a sheepish grin.<br>- He came into the room looking distinctly sheepish.<br>- They were obviously a little bit sheepish about the misunderstanding.
<span style='color:cornsilk; background-color:darkcyan; border-radius:5px;'>&nbsp;1&nbsp;</span> <b style='color:darkslategray;'>sheepishly</b><br>adverb<br>/ˈʃiːpɪʃli/|in a way that shows that you are embarrassed because you have done something silly or wrong<br><b style='color:darkcyan;'>Examples:</b><br>- He smiled sheepishly.
<span style='color:cornsilk; background-color:darkcyan; border-radius:5px;'>&nbsp;1&nbsp;</span> <b style='color:darkslategray;'>rueful</b><br>adjective<br>/ˈruːfl/|feeling or showing that you are sad or sorry<br><b style='color:darkcyan;'>Examples:</b><br>- a rueful smile
<span style='color:cornsilk; background-color:darkcyan; border-radius:5px;'>&nbsp;1&nbsp;</span> <b style='color:darkslategray;'>cauterize</b><br>verb<br>/ˈkɔːtəraɪz/|<b>(cauterize something) </b>to burn a wound, using a chemical or heat, in order to stop the loss of blood or to prevent infection<br><b style='color:darkcyan;'>Examples:</b><br>- The wound needs to be cauterized.
<span style='color:cornsilk; background-color:darkcyan; border-radius:5px;'>&nbsp;1&nbsp;</span> <b style='color:darkslategray;'>hangdog</b><br>adjective<br>/ˈhæŋdɔːɡ/|if a person has a hangdog look, they look sad or ashamed<br><b style='color:darkcyan;'>Examples:</b><br>- his hangdog expression
<span style='color:cornsilk; background-color:darkcyan; border-radius:5px;'>&nbsp;1&nbsp;</span> <b style='color:darkslategray;'>par</b><br>noun<br>/pɑːr/|the number of shots a good player should need to complete a course or to hit the ball into a particular hole<br><b style='color:darkcyan;'>Examples:</b><br>- a par five hole<br>- Par for the course is 72.<br>- <b>(over/under par) </b>She went round the course in three under (= three strokes less than) par.
<span style='color:cornsilk; background-color:darkcyan; border-radius:5px;'>&nbsp;2&nbsp;</span> <b style='color:darkslategray;'>par</b><br>noun<br>/pɑːr/|the value that a share in a company had originally<br><b style='color:darkcyan;'>Examples:</b><br>- <b>(at par) </b>to be redeemed at par <br>- <b>(above/below par) </b>The company's bonds are trading well above par.
<span style='color:cornsilk; background-color:darkcyan; border-radius:5px;'>&nbsp;3&nbsp;</span> <b style='color:darkslategray;'>par</b><br>noun<br>/pɑːr/|less well, good, etc. than is usual or expected<br><b style='color:darkcyan;'>Examples:</b><br>- I may take tomorrow off if I’m still feeling under par.<br>- Teaching in some subjects has been well below par.<br>- I feel slightly below par today.
<span style='color:cornsilk; background-color:darkcyan; border-radius:5px;'>&nbsp;4&nbsp;</span> <b style='color:darkslategray;'>par</b><br>noun<br>/pɑːr/|to be just what you would expect to happen or expect somebody to do in a particular situation<br><b style='color:darkcyan;'>Examples:</b><br>- Starting early and working long hours is par for the course in this job.
<span style='color:cornsilk; background-color:darkcyan; border-radius:5px;'>&nbsp;5&nbsp;</span> <b style='color:darkslategray;'>par</b><br>noun<br>/pɑːr/|as good, bad, important, etc. as somebody/something else<br><b style='color:darkcyan;'>Examples:</b><br>- This place is on a par with the best French restaurants.
<span style='color:cornsilk; background-color:darkcyan; border-radius:5px;'>&nbsp;6&nbsp;</span> <b style='color:darkslategray;'>par</b><br>noun<br>/pɑːr/|as good as usual or as good as it should be<br><b style='color:darkcyan;'>Examples:</b><br>- I didn’t think her performance was up to par.<br>- Your work is not up to par.
<span style='color:cornsilk; background-color:darkcyan; border-radius:5px;'>&nbsp;1&nbsp;</span> <b style='color:darkslategray;'>par</b><br>abbreviation<br>/pɑːr/|(in writing) paragraph<br><b style='color:darkcyan;'>Examples:</b><br>- See par. 3.
<span style='color:cornsilk; background-color:darkcyan; border-radius:5px;'>&nbsp;1&nbsp;</span> <b style='color:darkslategray;'>duck</b><br>noun<br>/dʌk/|a common bird that lives on or near water and has short legs, webbed feet (= feet with thin pieces of skin between the toes) and a wide beak. There are many types of duck, some of which are kept for their meat or eggs.<br><b style='color:darkcyan;'>Examples:</b><br>- wild ducks<br>- duck eggs<br>- Every afternoon they went to the park to feed the ducks.<br>- Ducks were quacking noisily on the lake.
<span style='color:cornsilk; background-color:darkcyan; border-radius:5px;'>&nbsp;2&nbsp;</span> <b style='color:darkslategray;'>duck</b><br>noun<br>/dʌk/|a female duck<br><b style='color:darkcyan;'>Examples:</b><br>- NO_EXAMPLES
<span style='color:cornsilk; background-color:darkcyan; border-radius:5px;'>&nbsp;3&nbsp;</span> <b style='color:darkslategray;'>duck</b><br>noun<br>/dʌk/|meat from a duck<br><b style='color:darkcyan;'>Examples:</b><br>- roast duck with orange sauce<br>- Slice the duck breast and serve.<br>- In a large saucepan, melt the duck fat.
<span style='color:cornsilk; background-color:darkcyan; border-radius:5px;'>&nbsp;4&nbsp;</span> <b style='color:darkslategray;'>duck</b><br>noun<br>/dʌk/|a friendly way of speaking to somebody<br><b style='color:darkcyan;'>Examples:</b><br>- Anything else, duck?
<span style='color:cornsilk; background-color:darkcyan; border-radius:5px;'>&nbsp;5&nbsp;</span> <b style='color:darkslategray;'>duck</b><br>noun<br>/dʌk/|a batsman's score of zero<br><b style='color:darkcyan;'>Examples:</b><br>- He was out for a duck.
<span style='color:cornsilk; background-color:darkcyan; border-radius:5px;'>&nbsp;6&nbsp;</span> <b style='color:darkslategray;'>duck</b><br>noun<br>/dʌk/|a plan, an event, etc. that has failed or is certain to fail and that is therefore not worth discussing<br><b style='color:darkcyan;'>Examples:</b><br>- NO_EXAMPLES
<span style='color:cornsilk; background-color:darkcyan; border-radius:5px;'>&nbsp;7&nbsp;</span> <b style='color:darkslategray;'>duck</b><br>noun<br>/dʌk/|to have made all the preparations needed to do something; to be well organized<br><b style='color:darkcyan;'>Examples:</b><br>- The company has its ducks in a row for a move into the Asian market.<br>- Get your ducks in a row before you retire.
<span style='color:cornsilk; background-color:darkcyan; border-radius:5px;'>&nbsp;8&nbsp;</span> <b style='color:darkslategray;'>duck</b><br>noun<br>/dʌk/|(to become used to something) very easily, without any problems or fears<br><b style='color:darkcyan;'>Examples:</b><br>- She has taken to teaching like a duck to water.
<span style='color:cornsilk; background-color:darkcyan; border-radius:5px;'>&nbsp;9&nbsp;</span> <b style='color:darkslategray;'>duck</b><br>noun<br>/dʌk/|used to say that something, especially criticism, has no effect on somebody/something<br><b style='color:darkcyan;'>Examples:</b><br>- I can't tell my son what to do; it's water off a duck's back with him.
<span style='color:cornsilk; background-color:darkcyan; border-radius:5px;'>&nbsp;1&nbsp;</span> <b style='color:darkslategray;'>duck</b><br>verb<br>/dʌk/|to move your head or body downwards to avoid being hit or seen<br><b style='color:darkcyan;'>Examples:</b><br>- He had to duck as he came through the door.<br>- <b>(duck (down) (behind/under something)) </b>We ducked down behind the wall so they wouldn't see us.<br>- He ducked under the overhanging branches.<br>- He just managed to duck out of sight.<br>- <b>(duck something) </b>She ducked her head and got into the car.<br>- She ducked under the railings and ran towards him.
<span style='color:cornsilk; background-color:darkcyan; border-radius:5px;'>&nbsp;2&nbsp;</span> <b style='color:darkslategray;'>duck</b><br>verb<br>/dʌk/|to avoid something by moving your head or body out of the way<br><b style='color:darkcyan;'>Examples:</b><br>- He ducked the first few blows then started to fight back.
<span style='color:cornsilk; background-color:darkcyan; border-radius:5px;'>&nbsp;3&nbsp;</span> <b style='color:darkslategray;'>duck</b><br>verb<br>/dʌk/|<b>(+ adv./prep.) </b>to move somewhere quickly, especially in order to avoid being seen<br><b style='color:darkcyan;'>Examples:</b><br>- She ducked into the adjoining room as we came in.
<span style='color:cornsilk; background-color:darkcyan; border-radius:5px;'>&nbsp;4&nbsp;</span> <b style='color:darkslategray;'>duck</b><br>verb<br>/dʌk/|to avoid a difficult or unpleasant duty or responsibility<br><b style='color:darkcyan;'>Examples:</b><br>- <b>(duck out of something) </b>It's his turn to cook dinner, but I bet he'll try to duck out of it.<br>- <b>(duck something) </b>The government is ducking the issue.
<span style='color:cornsilk; background-color:darkcyan; border-radius:5px;'>&nbsp;5&nbsp;</span> <b style='color:darkslategray;'>duck</b><br>verb<br>/dʌk/|<b>(duck somebody) </b>to push somebody underwater and hold them there for a short time<br><b style='color:darkcyan;'>Examples:</b><br>- The kids were ducking each other in the pool.
<span style='color:cornsilk; background-color:darkcyan; border-radius:5px;'>&nbsp;1&nbsp;</span> <b style='color:darkslategray;'>wisecrack</b><br>noun<br>/ˈwaɪzkræk/|a clever remark or joke<br><b style='color:darkcyan;'>Examples:</b><br>- NO_EXAMPLES
<span style='color:cornsilk; background-color:darkcyan; border-radius:5px;'>&nbsp;1&nbsp;</span> <b style='color:darkslategray;'>wisecrack</b><br>verb<br>/ˈwaɪzkræk/|to make a clever remark or joke<br><b style='color:darkcyan;'>Examples:</b><br>- He plays a wisecracking detective.<br>- She wisecracked her way through dinner.<br>- <b>(+ speech) </b>‘We knew you'd be back,’ he wisecracked, ‘Just not this soon.’
<span style='color:cornsilk; background-color:darkcyan; border-radius:5px;'>&nbsp;1&nbsp;</span> <b style='color:darkslategray;'>fret</b><br>verb<br>/fret/|to be worried or unhappy and not able to relax<br><b style='color:darkcyan;'>Examples:</b><br>- Her baby starts to fret as soon as she goes out of the room.<br>- Fretting, he looked again at his watch.<br>- <b>(fret about something) </b>Fretting about it won't help.<br>- <b>(fret over something) </b>He was fretting over his speech.<br>- <b>(fret that…) </b>She fretted that nobody would show up.
<span style='color:cornsilk; background-color:darkcyan; border-radius:5px;'>&nbsp;1&nbsp;</span> <b style='color:darkslategray;'>fret</b><br>noun<br>/fret/|one of the bars on the long thin part of a guitar, etc. Frets show you where to press the strings with your fingers to produce particular sounds.<br><b style='color:darkcyan;'>Examples:</b><br>- a rock guitar with a 24 fret neck
<span style='color:cornsilk; background-color:darkcyan; border-radius:5px;'>&nbsp;2&nbsp;</span> <b style='color:darkslategray;'>fret</b><br>noun<br>/fret/|mist or fog that comes in from the sea<br><b style='color:darkcyan;'>Examples:</b><br>- NO_EXAMPLES
<span style='color:cornsilk; background-color:darkcyan; border-radius:5px;'>&nbsp;1&nbsp;</span> <b style='color:darkslategray;'>epitomize</b><br>verb<br>/ɪˈpɪtəmaɪz/|<b>(epitomize something) </b>to be a perfect example of something<br><b style='color:darkcyan;'>Examples:</b><br>- The fighting qualities of the team are epitomized by the captain.<br>- These movies seem to epitomize the 1950s.
<span style='color:cornsilk; background-color:darkcyan; border-radius:5px;'>&nbsp;1&nbsp;</span> <b style='color:darkslategray;'>prohibitive</b><br>adjective<br>/prəˈhɪbətɪv/|so high that it prevents people from buying something or doing something<br><b style='color:darkcyan;'>Examples:</b><br>- prohibitive costs<br>- a prohibitive tax on imported cars<br>- The price of property in the city is prohibitive.
<span style='color:cornsilk; background-color:darkcyan; border-radius:5px;'>&nbsp;2&nbsp;</span> <b style='color:darkslategray;'>prohibitive</b><br>adjective<br>/prəˈhɪbətɪv/|preventing people from doing something by law<br><b style='color:darkcyan;'>Examples:</b><br>- prohibitive legislation
<span style='color:cornsilk; background-color:darkcyan; border-radius:5px;'>&nbsp;3&nbsp;</span> <b style='color:darkslategray;'>prohibitive</b><br>adjective<br>/prəˈhɪbətɪv/|extremely likely to win<br><b style='color:darkcyan;'>Examples:</b><br>- Miami began the day a prohibitive Super Bowl favorite.
<span style='color:cornsilk; background-color:darkcyan; border-radius:5px;'>&nbsp;1&nbsp;</span> <b style='color:darkslategray;'>supplicant</b><br>noun<br>/ˈsʌplɪkənt/|a person who asks for something in a humble way, especially from God or a powerful person<br><b style='color:darkcyan;'>Examples:</b><br>- NO_EXAMPLES
<span style='color:cornsilk; background-color:darkcyan; border-radius:5px;'>&nbsp;1&nbsp;</span> <b style='color:darkslategray;'>righteous</b><br>adjective<br>/ˈraɪtʃəs/|morally right and good<br><b style='color:darkcyan;'>Examples:</b><br>- a righteous God<br>- He considered himself to be holy and righteous in all his ways.
<span style='color:cornsilk; background-color:darkcyan; border-radius:5px;'>&nbsp;2&nbsp;</span> <b style='color:darkslategray;'>righteous</b><br>adjective<br>/ˈraɪtʃəs/|that you think is morally acceptable or fair<br><b style='color:darkcyan;'>Examples:</b><br>- righteous anger/indignation, etc.
<span style='color:cornsilk; background-color:darkcyan; border-radius:5px;'>&nbsp;1&nbsp;</span> <b style='color:darkslategray;'>expiate</b><br>verb<br>/ˈekspieɪt/|<b>(expiate something) </b>to accept punishment for something that you have done wrong in order to show that you are sorry<br><b style='color:darkcyan;'>Examples:</b><br>- He had a chance to confess and expiate his guilt.
<span style='color:cornsilk; background-color:darkcyan; border-radius:5px;'>&nbsp;1&nbsp;</span> <b style='color:darkslategray;'>trodden</b><br>verb<br>/ˈtrɑːdn/|NO_DEFINITIONS<br><b style='color:darkcyan;'>Examples:</b><br>- NO_EXAMPLES
<span style='color:cornsilk; background-color:darkcyan; border-radius:5px;'>&nbsp;1&nbsp;</span> <b style='color:darkslategray;'>couch</b><br>noun<br>/kaʊtʃ/|a long comfortable seat for two or more people to sit on<br><b style='color:darkcyan;'>Examples:</b><br>- He was sprawled on the living-room couch watching TV.<br>- They sat down on the wide couch.
<span style='color:cornsilk; background-color:darkcyan; border-radius:5px;'>&nbsp;2&nbsp;</span> <b style='color:darkslategray;'>couch</b><br>noun<br>/kaʊtʃ/|a long piece of furniture like a bed, especially in a doctor’s office<br><b style='color:darkcyan;'>Examples:</b><br>- She spends several hours a week on the psychiatrist's couch.
<span style='color:cornsilk; background-color:darkcyan; border-radius:5px;'>&nbsp;1&nbsp;</span> <b style='color:darkslategray;'>couch</b><br>verb<br>/kaʊtʃ/|to say or write words in a particular style or manner<br><b style='color:darkcyan;'>Examples:</b><br>- <b>(be couched (in something)) </b>The letter was deliberately couched in very vague terms.
<span style='color:cornsilk; background-color:darkcyan; border-radius:5px;'>&nbsp;1&nbsp;</span> <b style='color:darkslategray;'>uncharted</b><br>adjective<br>/ˌʌnˈtʃɑːrtɪd/|not marked on a map; that has not been visited or investigated before<br><b style='color:darkcyan;'>Examples:</b><br>- The ship hit an uncharted rock.<br>- They set off into the country's uncharted interior.<br>- The party is sailing in uncharted waters (= a situation it has not been in before).<br>- I was moving into uncharted territory (= a completely new experience) with this relationship.
<span style='color:cornsilk; background-color:darkcyan; border-radius:5px;'>&nbsp;1&nbsp;</span> <b style='color:darkslategray;'>imperative</b><br>adjective<br>/ɪmˈperətɪv/|very important and needing immediate attention or action <br><b style='color:darkcyan;'>Examples:</b><br>- <b>(imperative (that…)) </b>It is absolutely imperative that we finish by next week.<br>- <b>(imperative (to do something)) </b>It is imperative to continue the treatment for at least two months.
<span style='color:cornsilk; background-color:darkcyan; border-radius:5px;'>&nbsp;2&nbsp;</span> <b style='color:darkslategray;'>imperative</b><br>adjective<br>/ɪmˈperətɪv/|expressing authority<br><b style='color:darkcyan;'>Examples:</b><br>- an imperative tone
<span style='color:cornsilk; background-color:darkcyan; border-radius:5px;'>&nbsp;3&nbsp;</span> <b style='color:darkslategray;'>imperative</b><br>adjective<br>/ɪmˈperətɪv/|expressing an order<br><b style='color:darkcyan;'>Examples:</b><br>- an imperative sentence
<span style='color:cornsilk; background-color:darkcyan; border-radius:5px;'>&nbsp;1&nbsp;</span> <b style='color:darkslategray;'>imperative</b><br>noun<br>/ɪmˈperətɪv/|a thing that is very important and needs immediate attention or action; a factor that makes something necessary<br><b style='color:darkcyan;'>Examples:</b><br>- the economic imperative of quality education for all<br>- the biological imperatives that guide male and female behaviour
<span style='color:cornsilk; background-color:darkcyan; border-radius:5px;'>&nbsp;2&nbsp;</span> <b style='color:darkslategray;'>imperative</b><br>noun<br>/ɪmˈperətɪv/|the form of a verb that expresses an order; a verb in this form<br><b style='color:darkcyan;'>Examples:</b><br>- ‘Go away!’ is an imperative.<br>- <b>(in the imperative) </b>In ‘Go away!’ the verb is in the imperative. 
<span style='color:cornsilk; background-color:darkcyan; border-radius:5px;'>&nbsp;1&nbsp;</span> <b style='color:darkslategray;'>corral</b><br>noun<br>/kəˈræl/|an area with a fence around it, for horses, cows, etc. on a farm or ranch<br><b style='color:darkcyan;'>Examples:</b><br>- They drove the ponies into a corral.
<span style='color:cornsilk; background-color:darkcyan; border-radius:5px;'>&nbsp;1&nbsp;</span> <b style='color:darkslategray;'>corral</b><br>verb<br>/kəˈræl/|<b>(corral something) </b>to force horses or cows into a corral<br><b style='color:darkcyan;'>Examples:</b><br>- NO_EXAMPLES
<span style='color:cornsilk; background-color:darkcyan; border-radius:5px;'>&nbsp;2&nbsp;</span> <b style='color:darkslategray;'>corral</b><br>verb<br>/kəˈræl/|<b>(corral somebody) </b>to gather a group of people together and keep them in a particular place<br><b style='color:darkcyan;'>Examples:</b><br>- NO_EXAMPLES
<span style='color:cornsilk; background-color:darkcyan; border-radius:5px;'>&nbsp;1&nbsp;</span> <b style='color:darkslategray;'>congregation</b><br>noun<br>/ˌkɑːŋɡrɪˈɡeɪʃn/|a group of people who are gathered together in a church for a religious service, not including the priest and choir<br><b style='color:darkcyan;'>Examples:</b><br>- The congregation stood to sing the hymn.
<span style='color:cornsilk; background-color:darkcyan; border-radius:5px;'>&nbsp;2&nbsp;</span> <b style='color:darkslategray;'>congregation</b><br>noun<br>/ˌkɑːŋɡrɪˈɡeɪʃn/|a group of people who regularly attend a particular church<br><b style='color:darkcyan;'>Examples:</b><br>- members of local congregations
<span style='color:cornsilk; background-color:darkcyan; border-radius:5px;'>&nbsp;3&nbsp;</span> <b style='color:darkslategray;'>congregation</b><br>noun<br>/ˌkɑːŋɡrɪˈɡeɪʃn/|a group or collection of people, animals or things<br><b style='color:darkcyan;'>Examples:</b><br>- Large congregations of birds may cause public harm.
<span style='color:cornsilk; background-color:darkcyan; border-radius:5px;'>&nbsp;1&nbsp;</span> <b style='color:darkslategray;'>staid</b><br>adjective<br>/steɪd/|not fun or interesting; boring and old-fashioned<br><b style='color:darkcyan;'>Examples:</b><br>- The museum is trying to get rid of its staid image.
<span style='color:cornsilk; background-color:darkcyan; border-radius:5px;'>&nbsp;1&nbsp;</span> <b style='color:darkslategray;'>tenure</b><br>noun<br>/ˈtenjər/|the period of time when somebody holds an important job, especially a political one; the act of holding an important job<br><b style='color:darkcyan;'>Examples:</b><br>- his four-year tenure as president<br>- She had a long tenure of office.
<span style='color:cornsilk; background-color:darkcyan; border-radius:5px;'>&nbsp;2&nbsp;</span> <b style='color:darkslategray;'>tenure</b><br>noun<br>/ˈtenjər/|the right to stay permanently in your job, especially as a teacher at a university<br><b style='color:darkcyan;'>Examples:</b><br>- It's still extremely difficult to get tenure.<br>- She has been granted tenure at Leeds University.
<span style='color:cornsilk; background-color:darkcyan; border-radius:5px;'>&nbsp;3&nbsp;</span> <b style='color:darkslategray;'>tenure</b><br>noun<br>/ˈtenjər/|the legal right to live in a house or use a piece of land<br><b style='color:darkcyan;'>Examples:</b><br>- When you rent a house here, you don’t have security of tenure.
<span style='color:cornsilk; background-color:darkcyan; border-radius:5px;'>&nbsp;1&nbsp;</span> <b style='color:darkslategray;'>rollicking</b><br>adjective<br>/ˈrɑːlɪkɪŋ/|cheerful and often noisy<br><b style='color:darkcyan;'>Examples:</b><br>- a rollicking comedy
<span style='color:cornsilk; background-color:darkcyan; border-radius:5px;'>&nbsp;1&nbsp;</span> <b style='color:darkslategray;'>rollicking</b><br>noun<br>/ˈrɑːlɪkɪŋ/|angry criticism for something bad somebody has done<br><b style='color:darkcyan;'>Examples:</b><br>- He gave us both a rollicking.
<span style='color:cornsilk; background-color:darkcyan; border-radius:5px;'>&nbsp;1&nbsp;</span> <b style='color:darkslategray;'>gospel</b><br>noun<br>/ˈɡɑːspl/|one of the four books in the Bible about the life and teaching of Jesus<br><b style='color:darkcyan;'>Examples:</b><br>- the Gospel according to St John<br>- St Mark’s Gospel
<span style='color:cornsilk; background-color:darkcyan; border-radius:5px;'>&nbsp;2&nbsp;</span> <b style='color:darkslategray;'>gospel</b><br>noun<br>/ˈɡɑːspl/|the life and teaching of Jesus as explained in the Bible<br><b style='color:darkcyan;'>Examples:</b><br>- preaching/spreading the gospel<br>- Thousands came to hear the gospel.
<span style='color:cornsilk; background-color:darkcyan; border-radius:5px;'>&nbsp;3&nbsp;</span> <b style='color:darkslategray;'>gospel</b><br>noun<br>/ˈɡɑːspl/|a set of ideas that somebody believes in and tries to persuade others to accept<br><b style='color:darkcyan;'>Examples:</b><br>- He preached a gospel of military strength.<br>- the football gospel according to Kevin
<span style='color:cornsilk; background-color:darkcyan; border-radius:5px;'>&nbsp;4&nbsp;</span> <b style='color:darkslategray;'>gospel</b><br>noun<br>/ˈɡɑːspl/|the complete truth<br><b style='color:darkcyan;'>Examples:</b><br>- Is that gospel?<br>- Don't take his word as gospel.
<span style='color:cornsilk; background-color:darkcyan; border-radius:5px;'>&nbsp;5&nbsp;</span> <b style='color:darkslategray;'>gospel</b><br>noun<br>/ˈɡɑːspl/|a style of religious singing developed by African Americans<br><b style='color:darkcyan;'>Examples:</b><br>- a gospel choir
<span style='color:cornsilk; background-color:darkcyan; border-radius:5px;'>&nbsp;1&nbsp;</span> <b style='color:darkslategray;'>burnish</b><br>verb<br>/ˈbɜːrnɪʃ/|<b>(burnish something) </b>to polish metal until it is smooth and shiny<br><b style='color:darkcyan;'>Examples:</b><br>- NO_EXAMPLES
<span style='color:cornsilk; background-color:darkcyan; border-radius:5px;'>&nbsp;1&nbsp;</span> <b style='color:darkslategray;'>bereft</b><br>adjective<br>/bɪˈreft/|<b>(bereft of something) </b>completely without something; having lost something<br><b style='color:darkcyan;'>Examples:</b><br>- bereft of ideas/hope
<span style='color:cornsilk; background-color:darkcyan; border-radius:5px;'>&nbsp;2&nbsp;</span> <b style='color:darkslategray;'>bereft</b><br>adjective<br>/bɪˈreft/|sad and lonely because you have lost something<br><b style='color:darkcyan;'>Examples:</b><br>- He was utterly bereft when his wife died.<br>- The shock of his departure had left her feeling alone and bereft.
<span style='color:cornsilk; background-color:darkcyan; border-radius:5px;'>&nbsp;1&nbsp;</span> <b style='color:darkslategray;'>explication</b><br>noun<br>/ˌeksplɪˈkeɪʃn/|a very detailed explanation of an idea or a work of literature <br><b style='color:darkcyan;'>Examples:</b><br>- careful explications of classical texts
<span style='color:cornsilk; background-color:darkcyan; border-radius:5px;'>&nbsp;1&nbsp;</span> <b style='color:darkslategray;'>scathing</b><br>adjective<br>/ˈskeɪðɪŋ/|criticizing somebody or something very severely in a way that shows no respect<br><b style='color:darkcyan;'>Examples:</b><br>- a scathing attack on the new management<br>- Her father gave her a scathing look.<br>- <b>(scathing about somebody/something) </b>He was scathing about the government's performance.
<span style='color:cornsilk; background-color:darkcyan; border-radius:5px;'>&nbsp;1&nbsp;</span> <b style='color:darkslategray;'>erudite</b><br>adjective<br>/ˈerjədaɪt/|having or showing great knowledge that is gained from academic study<br><b style='color:darkcyan;'>Examples:</b><br>- She could turn any conversation into an erudite discussion.<br>- She was a well-respected and erudite scholar.<br>- The professor was entertaining as well as erudite.
<span style='color:cornsilk; background-color:darkcyan; border-radius:5px;'>&nbsp;1&nbsp;</span> <b style='color:darkslategray;'>cred</b><br>noun<br>/kred/|a way of behaving and dressing that is acceptable to young people, especially those who live in cities and have experienced the problems of real life<br><b style='color:darkcyan;'>Examples:</b><br>- NO_EXAMPLES
<span style='color:cornsilk; background-color:darkcyan; border-radius:5px;'>&nbsp;1&nbsp;</span> <b style='color:darkslategray;'>invocation</b><br>noun<br>/ˌɪnvəˈkeɪʃn/|the act of asking for help, from a god or from a person in authority; the act of referring to something or of calling for something to appear<br><b style='color:darkcyan;'>Examples:</b><br>- NO_EXAMPLES
<span style='color:cornsilk; background-color:darkcyan; border-radius:5px;'>&nbsp;2&nbsp;</span> <b style='color:darkslategray;'>invocation</b><br>noun<br>/ˌɪnvəˈkeɪʃn/|the act of making a particular function start<br><b style='color:darkcyan;'>Examples:</b><br>- NO_EXAMPLES
<span style='color:cornsilk; background-color:darkcyan; border-radius:5px;'>&nbsp;1&nbsp;</span> <b style='color:darkslategray;'>benediction</b><br>noun<br>/ˌbenɪˈdɪkʃn/|a prayer asking God to protect somebody<br><b style='color:darkcyan;'>Examples:</b><br>- to sing/say/give a benediction<br>- his arms outstretched in benediction
<span style='color:cornsilk; background-color:darkcyan; border-radius:5px;'>&nbsp;1&nbsp;</span> <b style='color:darkslategray;'>incendiary</b><br>adjective<br>/ɪnˈsendieri/|designed to cause fires<br><b style='color:darkcyan;'>Examples:</b><br>- an incendiary device/bomb/attack
<span style='color:cornsilk; background-color:darkcyan; border-radius:5px;'>&nbsp;2&nbsp;</span> <b style='color:darkslategray;'>incendiary</b><br>adjective<br>/ɪnˈsendieri/|causing strong feelings or violence<br><b style='color:darkcyan;'>Examples:</b><br>- incendiary remarks
<span style='color:cornsilk; background-color:darkcyan; border-radius:5px;'>&nbsp;1&nbsp;</span> <b style='color:darkslategray;'>incendiary</b><br>noun<br>/ɪnˈsendieri/|a bomb that is designed to make a fire start burning when it explodes<br><b style='color:darkcyan;'>Examples:</b><br>- NO_EXAMPLES
<span style='color:cornsilk; background-color:darkcyan; border-radius:5px;'>&nbsp;1&nbsp;</span> <b style='color:darkslategray;'>foreshadow</b><br>verb<br>/fɔːrˈʃædəʊ/|<b>(foreshadow something) </b>to be a sign of something that will happen in the future<br><b style='color:darkcyan;'>Examples:</b><br>- His sudden death had been foreshadowed by earlier health scares.<br>- These measures were foreshadowed in last year’s Health Committee report.
<span style='color:cornsilk; background-color:darkcyan; border-radius:5px;'>&nbsp;1&nbsp;</span> <b style='color:darkslategray;'>providence</b><br>noun<br>/ˈprɑːvɪdəns/|God, or a force that some people believe controls our lives and the things that happen to us, usually in a way that protects us<br><b style='color:darkcyan;'>Examples:</b><br>- to trust in divine providence<br>- She believed her suffering was sent by providence.
<span style='color:cornsilk; background-color:darkcyan; border-radius:5px;'>&nbsp;2&nbsp;</span> <b style='color:darkslategray;'>providence</b><br>noun<br>/ˈprɑːvɪdəns/|to do something too confidently in a way that might mean that your good luck will come to an end<br><b style='color:darkcyan;'>Examples:</b><br>- It would be tempting providence to say that we will definitely win the game.
<span style='color:cornsilk; background-color:darkcyan; border-radius:5px;'>&nbsp;1&nbsp;</span> <b style='color:darkslategray;'>providence</b><br>NO_POS<br>/ˈprɑːvɪdəns/|the capital and largest city of the US state of Rhode Island. It is on the Providence River and Narragansett Bay. Roger Williams established it in 1636 as a safe place for people of all religions. It is known for its silver products and jewellery. Brown University, an Ivy League school, was established there in 1764.<br><b style='color:darkcyan;'>Examples:</b><br>- NO_EXAMPLES
<span style='color:cornsilk; background-color:darkcyan; border-radius:5px;'>&nbsp;1&nbsp;</span> <b style='color:darkslategray;'>proverbial</b><br>adjective<br>/prəˈvɜːrbiəl/|used to show that you are referring to a particular proverb or well-known phrase<br><b style='color:darkcyan;'>Examples:</b><br>- Let's not count our proverbial chickens.<br>- He drinks like the proverbial fish.
<span style='color:cornsilk; background-color:darkcyan; border-radius:5px;'>&nbsp;2&nbsp;</span> <b style='color:darkslategray;'>proverbial</b><br>adjective<br>/prəˈvɜːrbiəl/|well known and talked about by a lot of people<br><b style='color:darkcyan;'>Examples:</b><br>- Their hospitality is proverbial.
<span style='color:cornsilk; background-color:darkcyan; border-radius:5px;'>&nbsp;1&nbsp;</span> <b style='color:darkslategray;'>crucible</b><br>noun<br>/ˈkruːsɪbl/|a pot in which substances are heated to high temperatures, metals are melted, etc.<br><b style='color:darkcyan;'>Examples:</b><br>- NO_EXAMPLES
<span style='color:cornsilk; background-color:darkcyan; border-radius:5px;'>&nbsp;2&nbsp;</span> <b style='color:darkslategray;'>crucible</b><br>noun<br>/ˈkruːsɪbl/|a place or situation in which people or ideas are tested severely, often creating something new or exciting in the process<br><b style='color:darkcyan;'>Examples:</b><br>- an alliance forged in the crucible of war<br>- The Lake District in 1800 was the crucible of the new Romantic movement in English poetry.
<span style='color:cornsilk; background-color:darkcyan; border-radius:5px;'>&nbsp;1&nbsp;</span> <b style='color:darkslategray;'>chortle</b><br>noun<br>/ˈtʃɔːrtl/|an act of laughing loudly with pleasure<br><b style='color:darkcyan;'>Examples:</b><br>- NO_EXAMPLES
<span style='color:cornsilk; background-color:darkcyan; border-radius:5px;'>&nbsp;1&nbsp;</span> <b style='color:darkslategray;'>chortle</b><br>verb<br>/ˈtʃɔːrtl/|to laugh loudly with pleasure<br><b style='color:darkcyan;'>Examples:</b><br>- Gill chortled with delight.
<span style='color:cornsilk; background-color:darkcyan; border-radius:5px;'>&nbsp;1&nbsp;</span> <b style='color:darkslategray;'>hoist</b><br>verb<br>/hɔɪst/|to raise or pull something up to a higher position, often using ropes or special equipment<br><b style='color:darkcyan;'>Examples:</b><br>- <b>(hoist something/somebody/yourself + adv./prep.) </b>He hoisted himself onto a high stool.<br>- The cargo was hoisted aboard by crane.<br>- <b>(hoist something) </b>to hoist a flag/sail
<span style='color:cornsilk; background-color:darkcyan; border-radius:5px;'>&nbsp;2&nbsp;</span> <b style='color:darkslategray;'>hoist</b><br>verb<br>/hɔɪst/|to be hurt or to have problems as a result of your own plans to hurt or trick others<br><b style='color:darkcyan;'>Examples:</b><br>- NO_EXAMPLES
<span style='color:cornsilk; background-color:darkcyan; border-radius:5px;'>&nbsp;1&nbsp;</span> <b style='color:darkslategray;'>hoist</b><br>noun<br>/hɔɪst/|a piece of equipment used for lifting heavy things, or for lifting people who cannot stand or walk<br><b style='color:darkcyan;'>Examples:</b><br>- NO_EXAMPLES
<span style='color:cornsilk; background-color:darkcyan; border-radius:5px;'>&nbsp;1&nbsp;</span> <b style='color:darkslategray;'>sport</b><br>noun<br>/spɔːrt/|activity that you do for pleasure and that needs physical effort or skill, usually done in a special area and according to fixed rules<br><b style='color:darkcyan;'>Examples:</b><br>- There are excellent facilities for sport and recreation.<br>- I'm not interested in sport.<br>- It's very difficult to make a career in professional sport.<br>- Do you do any sport?<br>- Do you play any sports?<br>- the use of drugs in sport
<span style='color:cornsilk; background-color:darkcyan; border-radius:5px;'>&nbsp;2&nbsp;</span> <b style='color:darkslategray;'>sport</b><br>noun<br>/spɔːrt/|a particular form of sport<br><b style='color:darkcyan;'>Examples:</b><br>- What's your favourite sport?<br>- Netball is the number one team sport played by women in England.
<span style='color:cornsilk; background-color:darkcyan; border-radius:5px;'>&nbsp;3&nbsp;</span> <b style='color:darkslategray;'>sport</b><br>noun<br>/spɔːrt/|used as a friendly way of addressing somebody, especially a man<br><b style='color:darkcyan;'>Examples:</b><br>- How are you doing, sport?<br>- Good on you, sport!
<span style='color:cornsilk; background-color:darkcyan; border-radius:5px;'>&nbsp;4&nbsp;</span> <b style='color:darkslategray;'>sport</b><br>noun<br>/spɔːrt/|pleasure or fun<br><b style='color:darkcyan;'>Examples:</b><br>- <b>(in sport) </b>The comments were only made in sport.<br>- to make sport of (= to joke about) somebody/something
<span style='color:cornsilk; background-color:darkcyan; border-radius:5px;'>&nbsp;5&nbsp;</span> <b style='color:darkslategray;'>sport</b><br>noun<br>/spɔːrt/|a plant or an animal that is clearly and definitely different from its usual type<br><b style='color:darkcyan;'>Examples:</b><br>- NO_EXAMPLES
<span style='color:cornsilk; background-color:darkcyan; border-radius:5px;'>&nbsp;6&nbsp;</span> <b style='color:darkslategray;'>sport</b><br>noun<br>/spɔːrt/|to be unpleasant or unhelpful, especially in a difficult situation or when you have lost a game<br><b style='color:darkcyan;'>Examples:</b><br>- NO_EXAMPLES
<span style='color:cornsilk; background-color:darkcyan; border-radius:5px;'>&nbsp;7&nbsp;</span> <b style='color:darkslategray;'>sport</b><br>noun<br>/spɔːrt/|to be generous, cheerful and pleasant, especially in a difficult situation or when you have lost a game<br><b style='color:darkcyan;'>Examples:</b><br>- She's a good sport.<br>- Go on, be a sport (= used when asking somebody to help you).
<span style='color:cornsilk; background-color:darkcyan; border-radius:5px;'>&nbsp;1&nbsp;</span> <b style='color:darkslategray;'>sport</b><br>verb<br>/spɔːrt/|<b>(sport something) </b>to have or wear something in a proud way<br><b style='color:darkcyan;'>Examples:</b><br>- to sport a beard<br>- She was sporting a T-shirt with the company's logo on it.
<span style='color:cornsilk; background-color:darkcyan; border-radius:5px;'>&nbsp;2&nbsp;</span> <b style='color:darkslategray;'>sport</b><br>verb<br>/spɔːrt/|<b>(+ adv./prep.) </b>to play in a happy and lively way<br><b style='color:darkcyan;'>Examples:</b><br>- NO_EXAMPLES
<span style='color:cornsilk; background-color:darkcyan; border-radius:5px;'>&nbsp;1&nbsp;</span> <b style='color:darkslategray;'>implacable</b><br>adjective<br>/ɪmˈplækəbl/|that cannot be changed<br><b style='color:darkcyan;'>Examples:</b><br>- implacable hatred
<span style='color:cornsilk; background-color:darkcyan; border-radius:5px;'>&nbsp;2&nbsp;</span> <b style='color:darkslategray;'>implacable</b><br>adjective<br>/ɪmˈplækəbl/|unwilling to stop opposing somebody/something<br><b style='color:darkcyan;'>Examples:</b><br>- an implacable enemy<br>- She remained implacable (= she would not change her feelings and opinions).
<span style='color:cornsilk; background-color:darkcyan; border-radius:5px;'>&nbsp;1&nbsp;</span> <b style='color:darkslategray;'>grassroots</b><br>noun<br>/ˌɡræsˈruːts/|ordinary people in society or in an organization, rather than the leaders or people who make decisions<br><b style='color:darkcyan;'>Examples:</b><br>- the grassroots of the party<br>- We need support at grassroots level.
<span style='color:cornsilk; background-color:darkcyan; border-radius:5px;'>&nbsp;1&nbsp;</span> <b style='color:darkslategray;'>paltry</b><br>adjective<br>/ˈpɔːltri/|too small to be considered as important or useful<br><b style='color:darkcyan;'>Examples:</b><br>- This account offers a paltry 1 per cent return on your investment.<br>- a paltry sum<br>- They worked long hours for paltry wages.
<span style='color:cornsilk; background-color:darkcyan; border-radius:5px;'>&nbsp;2&nbsp;</span> <b style='color:darkslategray;'>paltry</b><br>adjective<br>/ˈpɔːltri/|having no value or useful qualities<br><b style='color:darkcyan;'>Examples:</b><br>- a paltry gesture
<span style='color:cornsilk; background-color:darkcyan; border-radius:5px;'>&nbsp;1&nbsp;</span> <b style='color:darkslategray;'>pundit</b><br>noun<br>/ˈpʌndɪt/|a person who knows a lot about a particular subject and who often talks about it in public<br><b style='color:darkcyan;'>Examples:</b><br>- Political pundits agree that the government has scored a major victory.
<span style='color:cornsilk; background-color:darkcyan; border-radius:5px;'>&nbsp;2&nbsp;</span> <b style='color:darkslategray;'>pundit</b><br>noun<br>/ˈpʌndɪt/|a Hindu priest or wise man<br><b style='color:darkcyan;'>Examples:</b><br>- NO_EXAMPLES
<span style='color:cornsilk; background-color:darkcyan; border-radius:5px;'>&nbsp;3&nbsp;</span> <b style='color:darkslategray;'>pundit</b><br>noun<br>/ˈpʌndɪt/|a teacher<br><b style='color:darkcyan;'>Examples:</b><br>- NO_EXAMPLES
<span style='color:cornsilk; background-color:darkcyan; border-radius:5px;'>&nbsp;4&nbsp;</span> <b style='color:darkslategray;'>pundit</b><br>noun<br>/ˈpʌndɪt/|a musician with a lot of skill<br><b style='color:darkcyan;'>Examples:</b><br>- NO_EXAMPLES
<span style='color:cornsilk; background-color:darkcyan; border-radius:5px;'>&nbsp;1&nbsp;</span> <b style='color:darkslategray;'>paucity</b><br>noun<br>/ˈpɔːsəti/|<b>(paucity (of something)) </b>a small amount of something; less than enough of something<br><b style='color:darkcyan;'>Examples:</b><br>- a paucity of information
<span style='color:cornsilk; background-color:darkcyan; border-radius:5px;'>&nbsp;1&nbsp;</span> <b style='color:darkslategray;'>gauntlet</b><br>noun<br>/ˈɡɔːntlət/|a metal glove worn as part of a suit of armour by soldiers in the Middle Ages<br><b style='color:darkcyan;'>Examples:</b><br>- NO_EXAMPLES
<span style='color:cornsilk; background-color:darkcyan; border-radius:5px;'>&nbsp;2&nbsp;</span> <b style='color:darkslategray;'>gauntlet</b><br>noun<br>/ˈɡɔːntlət/|a strong glove that covers and protects the hand and wrist, used for example when driving<br><b style='color:darkcyan;'>Examples:</b><br>- motorcyclists with leather gauntlets
<span style='color:cornsilk; background-color:darkcyan; border-radius:5px;'>&nbsp;3&nbsp;</span> <b style='color:darkslategray;'>gauntlet</b><br>noun<br>/ˈɡɔːntlət/|to be criticized or attacked by a lot of people, especially a group of people that you have to walk through<br><b style='color:darkcyan;'>Examples:</b><br>- Some of the witnesses had to run the gauntlet of television cameras and reporters.
<span style='color:cornsilk; background-color:darkcyan; border-radius:5px;'>&nbsp;4&nbsp;</span> <b style='color:darkslategray;'>gauntlet</b><br>noun<br>/ˈɡɔːntlət/|to accept somebody’s invitation to fight or compete<br><b style='color:darkcyan;'>Examples:</b><br>- His Republican rival may be expected to take up the gauntlet.
<span style='color:cornsilk; background-color:darkcyan; border-radius:5px;'>&nbsp;5&nbsp;</span> <b style='color:darkslategray;'>gauntlet</b><br>noun<br>/ˈɡɔːntlət/|to invite somebody to fight or compete with you<br><b style='color:darkcyan;'>Examples:</b><br>- She has thrown down the gauntlet to the newspaper by accusing it of libel.
<span style='color:cornsilk; background-color:darkcyan; border-radius:5px;'>&nbsp;1&nbsp;</span> <b style='color:darkslategray;'>drape</b><br>verb<br>/dreɪp/|<b>(drape something around/over/across, etc. something) </b>to hang clothes, materials, etc. loosely on somebody/something<br><b style='color:darkcyan;'>Examples:</b><br>- She had a shawl draped around her shoulders.<br>- He draped his coat over the back of the chair.<br>- She draped a cover over the old sofa.
<span style='color:cornsilk; background-color:darkcyan; border-radius:5px;'>&nbsp;2&nbsp;</span> <b style='color:darkslategray;'>drape</b><br>verb<br>/dreɪp/|to hang loosely<br><b style='color:darkcyan;'>Examples:</b><br>- Some silk fabrics will drape beautifully.
<span style='color:cornsilk; background-color:darkcyan; border-radius:5px;'>&nbsp;3&nbsp;</span> <b style='color:darkslategray;'>drape</b><br>verb<br>/dreɪp/|<b>(drape somebody/something in/with something) </b>to cover or decorate somebody/something with material<br><b style='color:darkcyan;'>Examples:</b><br>- walls draped in ivy<br>- The body was draped in a blanket.
<span style='color:cornsilk; background-color:darkcyan; border-radius:5px;'>&nbsp;4&nbsp;</span> <b style='color:darkslategray;'>drape</b><br>verb<br>/dreɪp/|<b>(drape something around/round/over, etc. something) </b>to allow part of your body to rest on something in a relaxed way<br><b style='color:darkcyan;'>Examples:</b><br>- His arm was draped casually around her shoulders.
<span style='color:cornsilk; background-color:darkcyan; border-radius:5px;'>&nbsp;1&nbsp;</span> <b style='color:darkslategray;'>drape</b><br>noun<br>/dreɪp/|a long thick curtain<br><b style='color:darkcyan;'>Examples:</b><br>- blue velvet drapes
<span style='color:cornsilk; background-color:darkcyan; border-radius:5px;'>&nbsp;1&nbsp;</span> <b style='color:darkslategray;'>club</b><br>noun<br>/klʌb/|an organization for people who share an interest or do a sport or activity together<br><b style='color:darkcyan;'>Examples:</b><br>- a golf/tennis/chess/film club <br>- I joined a local canoeing club.<br>- They belong to the same golf club.<br>- Grandad is a member of the bowling club.<br>- For details on club membership email the address below.<br>- The club hopes to raise at least $10 000 for six local charities.
<span style='color:cornsilk; background-color:darkcyan; border-radius:5px;'>&nbsp;2&nbsp;</span> <b style='color:darkslategray;'>club</b><br>noun<br>/klʌb/|the building or rooms that a particular club uses<br><b style='color:darkcyan;'>Examples:</b><br>- We had lunch at the golf club.<br>- the club bar
<span style='color:cornsilk; background-color:darkcyan; border-radius:5px;'>&nbsp;3&nbsp;</span> <b style='color:darkslategray;'>club</b><br>noun<br>/klʌb/|a professional sports organization that includes the players, managers, owners and members<br><b style='color:darkcyan;'>Examples:</b><br>- Manchester United Football Club<br>- a football/rugby/soccer club<br>- The club have signed a new coach for next season.
<span style='color:cornsilk; background-color:darkcyan; border-radius:5px;'>&nbsp;4&nbsp;</span> <b style='color:darkslategray;'>club</b><br>noun<br>/klʌb/|a place where people, especially young people, go and listen to music, dance, watch comedy, etc.<br><b style='color:darkcyan;'>Examples:</b><br>- a jazz club<br>- the club scene in Newcastle<br>- a night out at a comedy club
<span style='color:cornsilk; background-color:darkcyan; border-radius:5px;'>&nbsp;5&nbsp;</span> <b style='color:darkslategray;'>club</b><br>noun<br>/klʌb/|(especially in the UK) an organization and a place where people can meet together socially or stay<br><b style='color:darkcyan;'>Examples:</b><br>- He's a member of several London clubs.<br>- members of an exclusive club
<span style='color:cornsilk; background-color:darkcyan; border-radius:5px;'>&nbsp;6&nbsp;</span> <b style='color:darkslategray;'>club</b><br>noun<br>/klʌb/|a business that offers items or services cheaply to its members<br><b style='color:darkcyan;'>Examples:</b><br>- You could become a member of an investment club.
<span style='color:cornsilk; background-color:darkcyan; border-radius:5px;'>&nbsp;7&nbsp;</span> <b style='color:darkslategray;'>club</b><br>noun<br>/klʌb/|a heavy stick with one end thicker than the other, that is used as a weapon<br><b style='color:darkcyan;'>Examples:</b><br>- NO_EXAMPLES
<span style='color:cornsilk; background-color:darkcyan; border-radius:5px;'>&nbsp;8&nbsp;</span> <b style='color:darkslategray;'>club</b><br>noun<br>/klʌb/|a long metal stick with a piece of metal or wood at one end, used for hitting the ball in golf <br><b style='color:darkcyan;'>Examples:</b><br>- NO_EXAMPLES
<span style='color:cornsilk; background-color:darkcyan; border-radius:5px;'>&nbsp;9&nbsp;</span> <b style='color:darkslategray;'>club</b><br>noun<br>/klʌb/|one of the four suits (= sets) in a pack of cards. The clubs have a black design with shapes like three black leaves on a short stem.<br><b style='color:darkcyan;'>Examples:</b><br>- the five/queen/ace of clubs
<span style='color:cornsilk; background-color:darkcyan; border-radius:5px;'>&nbsp;10&nbsp;</span> <b style='color:darkslategray;'>club</b><br>noun<br>/klʌb/|one card from the suit called clubs<br><b style='color:darkcyan;'>Examples:</b><br>- I played a club.
<span style='color:cornsilk; background-color:darkcyan; border-radius:5px;'>&nbsp;11&nbsp;</span> <b style='color:darkslategray;'>club</b><br>noun<br>/klʌb/|to be pregnant<br><b style='color:darkcyan;'>Examples:</b><br>- NO_EXAMPLES
<span style='color:cornsilk; background-color:darkcyan; border-radius:5px;'>&nbsp;1&nbsp;</span> <b style='color:darkslategray;'>club</b><br>verb<br>/klʌb/|<b>(club somebody/something) </b>to hit a person or an animal with a heavy stick or similar object<br><b style='color:darkcyan;'>Examples:</b><br>- The victim was clubbed to death with a baseball bat.
<span style='color:cornsilk; background-color:darkcyan; border-radius:5px;'>&nbsp;2&nbsp;</span> <b style='color:darkslategray;'>club</b><br>verb<br>/klʌb/|to spend time dancing and drinking in nightclubs<br><b style='color:darkcyan;'>Examples:</b><br>- NO_EXAMPLES
<span style='color:cornsilk; background-color:darkcyan; border-radius:5px;'>&nbsp;1&nbsp;</span> <b style='color:darkslategray;'>succumb</b><br>verb<br>/səˈkʌm/|to not be able to fight an attack, a temptation, etc.<br><b style='color:darkcyan;'>Examples:</b><br>- The town succumbed after a short siege.<br>- They were all offered bribes and some of them succumbed.<br>- <b>(succumb to something) </b>He finally succumbed to Lucy's charms and agreed to her request.<br>- She succumbed to the temptation of another drink.<br>- people who succumb easily to exploitation
<span style='color:cornsilk; background-color:darkcyan; border-radius:5px;'>&nbsp;2&nbsp;</span> <b style='color:darkslategray;'>succumb</b><br>verb<br>/səˈkʌm/|<b>(succumb (to something)) </b>to die from the effect of a disease or an injury<br><b style='color:darkcyan;'>Examples:</b><br>- His career was cut short when he succumbed to cancer.
<span style='color:cornsilk; background-color:darkcyan; border-radius:5px;'>&nbsp;1&nbsp;</span> <b style='color:darkslategray;'>conviction</b><br>noun<br>/kənˈvɪkʃn/|the act of finding somebody guilty of a crime in court; the fact of having been found guilty<br><b style='color:darkcyan;'>Examples:</b><br>- He plans to appeal against his conviction.<br>- <b>(conviction for something) </b>She has six previous convictions for theft.<br>- <b>(on conviction) </b>an offence that carries, on conviction, a sentence of not more than five years’ imprisonment
<span style='color:cornsilk; background-color:darkcyan; border-radius:5px;'>&nbsp;2&nbsp;</span> <b style='color:darkslategray;'>conviction</b><br>noun<br>/kənˈvɪkʃn/|a strong opinion or belief<br><b style='color:darkcyan;'>Examples:</b><br>- strong political/moral convictions<br>- She was motivated by deep religious conviction.<br>- <b>(conviction that…) </b>We were sustained by the conviction that all would be well in the end.
<span style='color:cornsilk; background-color:darkcyan; border-radius:5px;'>&nbsp;3&nbsp;</span> <b style='color:darkslategray;'>conviction</b><br>noun<br>/kənˈvɪkʃn/|the quality of showing that you believe strongly in what you are saying<br><b style='color:darkcyan;'>Examples:</b><br>- ‘Not true!’ she said with conviction.<br>- He said he agreed but his voice lacked conviction.<br>- The leader's speech in defence of the policy didn't carry much conviction.
<span style='color:cornsilk; background-color:darkcyan; border-radius:5px;'>&nbsp;1&nbsp;</span> <b style='color:darkslategray;'>veteran</b><br>noun<br>/ˈvetərən/|a person who has a lot of experience in a particular area or activity<br><b style='color:darkcyan;'>Examples:</b><br>- the veteran American actor, Clint Eastwood
<span style='color:cornsilk; background-color:darkcyan; border-radius:5px;'>&nbsp;2&nbsp;</span> <b style='color:darkslategray;'>veteran</b><br>noun<br>/ˈvetərən/|a person who has been a soldier, sailor, etc. in a war<br><b style='color:darkcyan;'>Examples:</b><br>- war veterans<br>- a veteran of the Spanish Civil War
<span style='color:cornsilk; background-color:darkcyan; border-radius:5px;'>&nbsp;1&nbsp;</span> <b style='color:darkslategray;'>brawl</b><br>noun<br>/brɔːl/|a noisy and violent fight involving a group of people, usually in a public place<br><b style='color:darkcyan;'>Examples:</b><br>- He got into a drunken brawl in a bar.<br>- a pub/tavern/nightclub/barroom brawl<br>- Police officers were injured in a mass brawl outside a nightclub.
<span style='color:cornsilk; background-color:darkcyan; border-radius:5px;'>&nbsp;1&nbsp;</span> <b style='color:darkslategray;'>brawl</b><br>verb<br>/brɔːl/|to take part in a noisy and violent fight, usually in a public place<br><b style='color:darkcyan;'>Examples:</b><br>- They were arrested for brawling in the street.
<span style='color:cornsilk; background-color:darkcyan; border-radius:5px;'>&nbsp;1&nbsp;</span> <b style='color:darkslategray;'>stake</b><br>noun<br>/steɪk/|money that somebody invests in a company<br><b style='color:darkcyan;'>Examples:</b><br>- a 20 per cent stake in the business<br>- a controlling/majority/minority stake
<span style='color:cornsilk; background-color:darkcyan; border-radius:5px;'>&nbsp;2&nbsp;</span> <b style='color:darkslategray;'>stake</b><br>noun<br>/steɪk/|<b>(stake in something) </b>a part or share in a business, plan, etc. that will bring you money or other benefits if it succeeds<br><b style='color:darkcyan;'>Examples:</b><br>- She has a personal stake in the success of the play.<br>- Many young people no longer feel they have a stake in society.<br>- He has a personal stake in the outcome of the war.
<span style='color:cornsilk; background-color:darkcyan; border-radius:5px;'>&nbsp;3&nbsp;</span> <b style='color:darkslategray;'>stake</b><br>noun<br>/steɪk/|something that you risk losing, especially money, when you try to predict the result of a race, game, etc., or when you are involved in an activity that can succeed or fail<br><b style='color:darkcyan;'>Examples:</b><br>- How much was the stake (= how much did you bet)?<br>- They were playing cards for high stakes (= a lot of money).<br>- With only two points separating the top five players, the stakes are high as they enter the final round.
<span style='color:cornsilk; background-color:darkcyan; border-radius:5px;'>&nbsp;4&nbsp;</span> <b style='color:darkslategray;'>stake</b><br>noun<br>/steɪk/|a wooden or metal post that is pointed at one end and pushed into the ground in order to support something, mark a particular place, etc.<br><b style='color:darkcyan;'>Examples:</b><br>- Tall plants can be secured by tying them to stakes.
<span style='color:cornsilk; background-color:darkcyan; border-radius:5px;'>&nbsp;5&nbsp;</span> <b style='color:darkslategray;'>stake</b><br>noun<br>/steɪk/|a wooden post that somebody could be tied to in former times before being burnt to death (= killed by fire) as a punishment<br><b style='color:darkcyan;'>Examples:</b><br>- Joan of Arc was burnt at the stake.
<span style='color:cornsilk; background-color:darkcyan; border-radius:5px;'>&nbsp;6&nbsp;</span> <b style='color:darkslategray;'>stake</b><br>noun<br>/steɪk/|the money that is paid to the winners in horse racing<br><b style='color:darkcyan;'>Examples:</b><br>- NO_EXAMPLES
<span style='color:cornsilk; background-color:darkcyan; border-radius:5px;'>&nbsp;7&nbsp;</span> <b style='color:darkslategray;'>stake</b><br>noun<br>/steɪk/|used in the names of some horse races<br><b style='color:darkcyan;'>Examples:</b><br>- NO_EXAMPLES
<span style='color:cornsilk; background-color:darkcyan; border-radius:5px;'>&nbsp;8&nbsp;</span> <b style='color:darkslategray;'>stake</b><br>noun<br>/steɪk/|that can be won or lost, depending on the success of a particular action<br><b style='color:darkcyan;'>Examples:</b><br>- We cannot afford to take risks when people's lives are at stake.<br>- The prize at stake is a place in the final.
<span style='color:cornsilk; background-color:darkcyan; border-radius:5px;'>&nbsp;9&nbsp;</span> <b style='color:darkslategray;'>stake</b><br>noun<br>/steɪk/|to be prepared to do anything in order to defend your opinions or beliefs<br><b style='color:darkcyan;'>Examples:</b><br>- He would have gone to the stake for his belief in his daughter’s innocence.
<span style='color:cornsilk; background-color:darkcyan; border-radius:5px;'>&nbsp;10&nbsp;</span> <b style='color:darkslategray;'>stake</b><br>noun<br>/steɪk/|used to say how much of a particular quality a person has, as if they were in a competition in which some people are more successful than others<br><b style='color:darkcyan;'>Examples:</b><br>- John doesn't do too well in the personality stakes.<br>- She was determined to win in the fashion stakes.
<span style='color:cornsilk; background-color:darkcyan; border-radius:5px;'>&nbsp;11&nbsp;</span> <b style='color:darkslategray;'>stake</b><br>noun<br>/steɪk/|to suddenly move from your house and go to live somewhere else<br><b style='color:darkcyan;'>Examples:</b><br>- He pulled up stakes and went back to France.
<span style='color:cornsilk; background-color:darkcyan; border-radius:5px;'>&nbsp;1&nbsp;</span> <b style='color:darkslategray;'>stake</b><br>verb<br>/steɪk/|<b>(stake something (on something)) </b>to risk money or something important on the result of something<br><b style='color:darkcyan;'>Examples:</b><br>- He staked £25 on the favourite (= for example, in horse racing).<br>- She staked her political career on tax reform, and lost.<br>- That's him over there—I'd stake my life on it (= I am completely confident).
<span style='color:cornsilk; background-color:darkcyan; border-radius:5px;'>&nbsp;2&nbsp;</span> <b style='color:darkslategray;'>stake</b><br>verb<br>/steɪk/|<b>(stake something (up)) </b>to support something with a stake<br><b style='color:darkcyan;'>Examples:</b><br>- to stake newly planted trees<br>- The young trees should be staked after planting.
<span style='color:cornsilk; background-color:darkcyan; border-radius:5px;'>&nbsp;3&nbsp;</span> <b style='color:darkslategray;'>stake</b><br>verb<br>/steɪk/|to say or show publicly that you think something should be yours<br><b style='color:darkcyan;'>Examples:</b><br>- Adams staked his claim for a place in the Olympic team with his easy win yesterday.
<span style='color:cornsilk; background-color:darkcyan; border-radius:5px;'>&nbsp;1&nbsp;</span> <b style='color:darkslategray;'>slugfest</b><br>noun<br>/ˈslʌɡfest/|an angry argument in which people shout offensive remarks at each other<br><b style='color:darkcyan;'>Examples:</b><br>- The battle between the two Democrats is turning into a nasty little slugfest.<br>- The discussion forums are becoming slugfests.
<span style='color:cornsilk; background-color:darkcyan; border-radius:5px;'>&nbsp;1&nbsp;</span> <b style='color:darkslategray;'>feisty</b><br>adjective<br>/ˈfaɪsti/|strong, determined and not afraid of arguing with people<br><b style='color:darkcyan;'>Examples:</b><br>- NO_EXAMPLES
<span style='color:cornsilk; background-color:darkcyan; border-radius:5px;'>&nbsp;1&nbsp;</span> <b style='color:darkslategray;'>gridlock</b><br>noun<br>/ˈɡrɪdlɑːk/|a situation in which there are so many cars in the streets of a town that the traffic cannot move at all<br><b style='color:darkcyan;'>Examples:</b><br>- It’s gridlock between 6.30 and 9.00.<br>- The protest march created gridlock.<br>- roads that are prone to gridlocks
<span style='color:cornsilk; background-color:darkcyan; border-radius:5px;'>&nbsp;2&nbsp;</span> <b style='color:darkslategray;'>gridlock</b><br>noun<br>/ˈɡrɪdlɑːk/|a situation in which people with different opinions are not able to agree with each other and so no action can be taken<br><b style='color:darkcyan;'>Examples:</b><br>- Congress is in gridlock.
<span style='color:cornsilk; background-color:darkcyan; border-radius:5px;'>&nbsp;1&nbsp;</span> <b style='color:darkslategray;'>emanate</b><br>verb<br>/ˈeməneɪt/|<b>(emanate something) </b>to produce or show something<br><b style='color:darkcyan;'>Examples:</b><br>- He emanates power and confidence.
<span style='color:cornsilk; background-color:darkcyan; border-radius:5px;'>&nbsp;1&nbsp;</span> <b style='color:darkslategray;'>relish</b><br>verb<br>/ˈrelɪʃ/|to get great pleasure from something; to want very much to do or have something<br><b style='color:darkcyan;'>Examples:</b><br>- <b>(relish something) </b>to relish a challenge<br>- to relish the chance/opportunity to do something<br>- to relish the idea/thought of something<br>- I don't relish the prospect of getting up early tomorrow.<br>- <b>(relish (somebody/something) doing something) </b>Nobody relishes cleaning the oven.
<span style='color:cornsilk; background-color:darkcyan; border-radius:5px;'>&nbsp;1&nbsp;</span> <b style='color:darkslategray;'>relish</b><br>noun<br>/ˈrelɪʃ/|great pleasure<br><b style='color:darkcyan;'>Examples:</b><br>- <b>(with relish) </b>She savoured the moment with obvious relish.
<span style='color:cornsilk; background-color:darkcyan; border-radius:5px;'>&nbsp;2&nbsp;</span> <b style='color:darkslategray;'>relish</b><br>noun<br>/ˈrelɪʃ/|a cold, thick, spicy sauce made from fruit and vegetables that have been boiled, that is served with meat, cheese, etc.<br><b style='color:darkcyan;'>Examples:</b><br>- NO_EXAMPLES
<span style='color:cornsilk; background-color:darkcyan; border-radius:5px;'>&nbsp;1&nbsp;</span> <b style='color:darkslategray;'>obstruction</b><br>noun<br>/əbˈstrʌkʃn/|the fact of trying to prevent something/somebody from making progress<br><b style='color:darkcyan;'>Examples:</b><br>- the obstruction of justice<br>- He was arrested for obstruction of a police officer in the execution of his duty.<br>- The asylum seekers had to contend with continued bureaucratic obstruction.
<span style='color:cornsilk; background-color:darkcyan; border-radius:5px;'>&nbsp;2&nbsp;</span> <b style='color:darkslategray;'>obstruction</b><br>noun<br>/əbˈstrʌkʃn/|the fact of blocking a road, an entrance, a passage, etc.<br><b style='color:darkcyan;'>Examples:</b><br>- obstruction of the factory gates<br>- The abandoned car was causing an obstruction.
<span style='color:cornsilk; background-color:darkcyan; border-radius:5px;'>&nbsp;3&nbsp;</span> <b style='color:darkslategray;'>obstruction</b><br>noun<br>/əbˈstrʌkʃn/|something that blocks a road, an entrance, etc.<br><b style='color:darkcyan;'>Examples:</b><br>- It is my job to make sure that all pathways are clear of obstructions.
<span style='color:cornsilk; background-color:darkcyan; border-radius:5px;'>&nbsp;4&nbsp;</span> <b style='color:darkslategray;'>obstruction</b><br>noun<br>/əbˈstrʌkʃn/|something that blocks a passage or tube in your body; a medical condition resulting from this<br><b style='color:darkcyan;'>Examples:</b><br>- He had an operation to remove an obstruction in his throat.<br>- bowel/intestinal obstruction
<span style='color:cornsilk; background-color:darkcyan; border-radius:5px;'>&nbsp;5&nbsp;</span> <b style='color:darkslategray;'>obstruction</b><br>noun<br>/əbˈstrʌkʃn/|the offence of unfairly putting your body in front of a player of the other team so they cannot move to get the ball<br><b style='color:darkcyan;'>Examples:</b><br>- NO_EXAMPLES
<span style='color:cornsilk; background-color:darkcyan; border-radius:5px;'>&nbsp;1&nbsp;</span> <b style='color:darkslategray;'>deftly</b><br>adverb<br>/ˈdeftli/|with movements that are quick and show skill<br><b style='color:darkcyan;'>Examples:</b><br>- I threw her a towel which she deftly caught.
<span style='color:cornsilk; background-color:darkcyan; border-radius:5px;'>&nbsp;2&nbsp;</span> <b style='color:darkslategray;'>deftly</b><br>adverb<br>/ˈdeftli/|in a way that shows skill<br><b style='color:darkcyan;'>Examples:</b><br>- They deftly avoided answering my questions.
<span style='color:cornsilk; background-color:darkcyan; border-radius:5px;'>&nbsp;1&nbsp;</span> <b style='color:darkslategray;'>qualm</b><br>noun<br>/kwɑːm/|<b>(qualm (about something)) </b>a feeling of doubt or worry about whether what you are doing is right<br><b style='color:darkcyan;'>Examples:</b><br>- He had been working very hard so he had no qualms about taking a few days off.<br>- They broke the law without a qualm.
<span style='color:cornsilk; background-color:darkcyan; border-radius:5px;'>&nbsp;1&nbsp;</span> <b style='color:darkslategray;'>tout</b><br>verb<br>/taʊt/|to try to persuade people that somebody/something is important or valuable by praising them/it<br><b style='color:darkcyan;'>Examples:</b><br>- <b>(be touted (as something)) </b>She's being touted as the next leader of the party.<br>- Their much-touted expansion plans have come to nothing.
<span style='color:cornsilk; background-color:darkcyan; border-radius:5px;'>&nbsp;2&nbsp;</span> <b style='color:darkslategray;'>tout</b><br>verb<br>/taʊt/|to try to persuade people to buy your goods or services, especially by going to them and asking them directly<br><b style='color:darkcyan;'>Examples:</b><br>- <b>(tout (for something)) </b>the problem of unlicensed taxi drivers touting for business at airports<br>- <b>(tout something) </b>He's busy touting his client's latest book around London publishers.
<span style='color:cornsilk; background-color:darkcyan; border-radius:5px;'>&nbsp;3&nbsp;</span> <b style='color:darkslategray;'>tout</b><br>verb<br>/taʊt/|to sell tickets for a popular event illegally, at a price that is higher than the official price, especially outside a theatre, stadium, etc.<br><b style='color:darkcyan;'>Examples:</b><br>- NO_EXAMPLES
<span style='color:cornsilk; background-color:darkcyan; border-radius:5px;'>&nbsp;1&nbsp;</span> <b style='color:darkslategray;'>tout</b><br>noun<br>/taʊt/|a person who buys tickets for concerts, sports events, etc. and then sells them to other people at a higher price<br><b style='color:darkcyan;'>Examples:</b><br>- NO_EXAMPLES
<span style='color:cornsilk; background-color:darkcyan; border-radius:5px;'>&nbsp;1&nbsp;</span> <b style='color:darkslategray;'>blunt</b><br>adjective<br>/blʌnt/|without a sharp edge or point<br><b style='color:darkcyan;'>Examples:</b><br>- a blunt knife<br>- This pencil's blunt!<br>- The police said he had been hit with a blunt instrument.
<span style='color:cornsilk; background-color:darkcyan; border-radius:5px;'>&nbsp;2&nbsp;</span> <b style='color:darkslategray;'>blunt</b><br>adjective<br>/blʌnt/|very direct; saying exactly what you think without trying to be polite<br><b style='color:darkcyan;'>Examples:</b><br>- She has a reputation for blunt speaking.<br>- To be blunt, your work is appalling.
<span style='color:cornsilk; background-color:darkcyan; border-radius:5px;'>&nbsp;1&nbsp;</span> <b style='color:darkslategray;'>blunt</b><br>verb<br>/blʌnt/|<b>(blunt something) </b>to make something weaker or less effective<br><b style='color:darkcyan;'>Examples:</b><br>- Age hadn't blunted his passion for adventure.<br>- Living alone in the country had blunted her wits.
<span style='color:cornsilk; background-color:darkcyan; border-radius:5px;'>&nbsp;2&nbsp;</span> <b style='color:darkslategray;'>blunt</b><br>verb<br>/blʌnt/|<b>(blunt something) </b>to make a point or an edge less sharp<br><b style='color:darkcyan;'>Examples:</b><br>- NO_EXAMPLES
<span style='color:cornsilk; background-color:darkcyan; border-radius:5px;'>&nbsp;1&nbsp;</span> <b style='color:darkslategray;'>grimly</b><br>adverb<br>/ˈɡrɪmli/|in a way that looks or sounds very serious<br><b style='color:darkcyan;'>Examples:</b><br>- ‘It won't be easy,’ he said grimly.<br>- grimly determined
